Area,Industry,ClassOfWorker,Jobs.2026,Jobs.2031,Earnings.2025,Industry_Group,Growth_2026_2031,GrowthRate_2026_2031
75001,Construction Industries,QCEW Employees,1373.04823686899,1455.6692594099054,146584084.1776664,Construction Industries,82.62102254091542,0.06017343041736023
75002,Construction Industries,QCEW Employees,1327.2686637100633,1490.91616858649,141357968.14836672,Construction Industries,163.64750487642664,0.12329644280080343
75006,Construction Industries,QCEW Employees,6366.751443457576,6753.872775166405,716707092.9342028,Construction Industries,387.1213317088286,0.06080358800666419
75007,Construction Industries,QCEW Employees,476.90739606390036,526.6774626669819,43778551.26683855,Construction Industries,49.770066603081546,0.10436002254075527
75009,Construction Industries,QCEW Employees,563.1091940682775,625.7080468985984,54649505.025770225,Construction Industries,62.59885283032088,0.11116645490737764
75010,Construction Industries,QCEW Employees,712.2895460583775,728.5283677021104,63125788.37131742,Construction Industries,16.238821643732877,0.022798062576650402
75011,Construction Industries,QCEW Employees,0.05810587029190914,0.12036155344636505,7511.057099827849,Construction Industries,0.06225568315445591,1.071418134548182
75013,Construction Industries,QCEW Employees,515.0065116763035,572.2670914727402,58171072.69696371,Construction Industries,57.26057979643667,0.11118418602137337
75014,Construction Industries,QCEW Employees,0.042980690114971506,0.09589823802246641,4966.152099919858,Construction Industries,0.05291754790749491,1.2311935375151664
75016,Construction Industries,QCEW Employees,0.04585925184040868,0.10425739319796888,5757.855605995529,Construction Industries,0.058398141357560204,1.2734211530704247
75017,Construction Industries,QCEW Employees,0.04852964526705884,19.327378658463655,5912.779044530737,Construction Industries,19.278849013196595,397.25921974300473
75019,Construction Industries,QCEW Employees,1307.61346636144,1401.8795079896674,190539844.3477415,Construction Industries,94.26604162822741,0.072090142884909
75022,Construction Industries,QCEW Employees,276.6881352043786,302.8839001254778,25115084.176350255,Construction Industries,26.19576492109917,0.0946761410703405
75023,Construction Industries,QCEW Employees,320.32419305609386,355.9632819645391,33820047.94570124,Construction Industries,35.63908890844522,0.11125943553755935
75024,Construction Industries,QCEW Employees,2031.1604647875283,2257.1739019165198,226017398.61522824,Construction Industries,226.01343712899143,0.111273058454608
75025,Construction Industries,QCEW Employees,378.78698077610136,420.93576245166355,33294673.813971307,Construction Industries,42.14878167556219,0.11127304742418298
75026,Construction Industries,QCEW Employees,1.6838192210044234e-05,1.337334184142297e-05,2.9698818659701476,Construction Industries,-3.464850368621264e-06,-0.20577329949674938
75027,Construction Industries,QCEW Employees,61.065342906311024,66.57509152281425,6480317.804000821,Construction Industries,5.509748616503224,0.09022709697964859
75028,Construction Industries,QCEW Employees,619.4068153142518,683.8354716595145,75410433.93827,Construction Industries,64.42865634526265,0.10401670558399534
75029,Construction Industries,QCEW Employees,61.85019701242913,77.5203639546784,6799439.141295561,Construction Industries,15.670166942249274,0.2533567829881005
75030,Construction Industries,QCEW Employees,0.03435292669404081,23.022366957690203,4117.366593193265,Construction Industries,22.988014030996162,669.171923421124
75032,Construction Industries,QCEW Employees,1328.1517823312306,1562.1879689819393,125760108.08019203,Construction Industries,234.03618665070871,0.17621192830831278
75033,Construction Industries,QCEW Employees,1978.241624044585,2204.720334603086,182632003.64475852,Construction Industries,226.478710558501,0.11448485756530458
75034,Construction Industries,QCEW Employees,1324.675950594641,1508.5305590074038,122128843.61342879,Construction Industries,183.85460841276267,0.13879213880966979
75035,Construction Industries,QCEW Employees,395.3573129430363,439.34992884353017,39351607.88134293,Construction Industries,43.99261590049389,0.11127305467809179
75036,Construction Industries,QCEW Employees,230.84845311541366,254.98455861439786,26510803.955321956,Construction Industries,24.136105498984193,0.10455389747366972
75038,Construction Industries,QCEW Employees,1558.7500372592162,1652.5471533034186,160871917.84606507,Construction Industries,93.79711604420231,0.06017457180570651
75039,Construction Industries,QCEW Employees,543.8919231754768,576.6182630680473,55224142.72683257,Construction Industries,32.726339892570536,0.06017066718236963
75040,Construction Industries,QCEW Employees,777.4140775343993,803.9298160250804,79512336.8056434,Construction Industries,26.515738490681088,0.03410761299149212
75041,Construction Industries,QCEW Employees,2176.86790903836,2282.2577627951864,219264125.4668624,Construction Industries,105.3898537568266,0.04841352721460401
75042,Construction Industries,QCEW Employees,1518.7871888787743,1610.2394678730486,175100131.19294238,Construction Industries,91.45227899427437,0.06021401791108594
75043,Construction Industries,QCEW Employees,521.8544827875654,553.2865929280714,56814611.41631551,Construction Industries,31.432110140505984,0.06023156105243466
75044,Construction Industries,QCEW Employees,198.9416992664911,210.9041415302386,23242981.14157183,Construction Industries,11.962442263747505,0.06013039150592192
75045,Construction Industries,QCEW Employees,667.706914141019,628.8094247863086,96338954.04656991,Construction Industries,-38.89748935471039,-0.05825533408584005
75048,Construction Industries,QCEW Employees,482.0894300206296,511.08057505287377,51122537.69729082,Construction Industries,28.991145032244162,0.06013644611748403
75049,Construction Industries,QCEW Employees,274.8985227568724,293.7154001697509,38719883.533369824,Construction Industries,18.81687741287851,0.06845026748114136
75050,Construction Industries,QCEW Employees,6041.462822205892,6493.479127966238,600942227.9109858,Construction Industries,452.01630576034586,0.07481901636453392
75051,Construction Industries,QCEW Employees,1182.3025205740569,1252.1745890417926,115859424.48471771,Construction Industries,69.87206846773574,0.059098299506127994
75052,Construction Industries,QCEW Employees,566.7745840746243,600.7322963968322,58836997.120845884,Construction Industries,33.95771232220795,0.05991396452198172
75053,Construction Industries,QCEW Employees,199.1403070117062,190.60481723557012,25184475.521558695,Construction Industries,-8.535489776136075,-0.04286168834536508
75054,Construction Industries,QCEW Employees,315.4900156395017,333.86666719268527,40447174.742061,Construction Industries,18.376651553183592,0.05824796552098155
75056,Construction Industries,QCEW Employees,1504.154506751054,1661.160147247203,141119654.12735245,Construction Industries,157.005640496149,0.10438132505102704
75057,Construction Industries,QCEW Employees,3800.036100664546,4196.673630726969,351583509.9759702,Construction Industries,396.63753006242314,0.10437730578218973
75060,Construction Industries,QCEW Employees,1665.6276499795122,1765.8314507395726,160031850.46683672,Construction Industries,100.2038007600604,0.06015978466813565
75061,Construction Industries,QCEW Employees,5691.28894056131,6033.691550531408,557516992.9600139,Construction Industries,342.40260997009864,0.06016257715011197
75062,Construction Industries,QCEW Employees,1547.7796746548916,1633.0928841781317,154629722.0587066,Construction Industries,85.31320952324018,0.05511973759589672
75063,Construction Industries,QCEW Employees,1710.6821686778067,1813.9652061952304,218535820.77060947,Construction Industries,103.28303751742374,0.0603753516629284
75065,Construction Industries,QCEW Employees,336.57735688254655,349.22241606331227,40548072.72675559,Construction Industries,12.645059180765713,0.03756954804650858
75067,Construction Industries,QCEW Employees,1166.9736024610233,1288.7252574958632,133697177.28734753,Construction Industries,121.75165503483981,0.10433111321291122
75068,Construction Industries,QCEW Employees,586.3007188526401,647.5167454668521,56191688.34847139,Construction Industries,61.216026614211955,0.10441062861735606
75069,Construction Industries,QCEW Employees,1381.2343657658535,1534.9285451172084,131810625.80394869,Construction Industries,153.69417935135493,0.11127306354424227
75070,Construction Industries,QCEW Employees,692.1548754411665,769.1730834858322,67612572.94161175,Construction Industries,77.0182080446657,0.11127308464825258
75071,Construction Industries,QCEW Employees,3318.229165258105,3601.3141288440115,346627410.90090847,Construction Industries,283.08496358590673,0.08531205938089181
75072,Construction Industries,QCEW Employees,345.6519684204137,384.11371128490447,39122605.195743345,Construction Industries,38.46174286449076,0.11127303293036661
75074,Construction Industries,QCEW Employees,4219.570555331094,4689.669279282345,397972959.87936723,Construction Industries,470.0987239512515,0.1114091393393859
75075,Construction Industries,QCEW Employees,1069.8021550544424,1184.5952722376435,118342825.04133642,Construction Industries,114.79311718320105,0.10730312763050964
75077,Construction Industries,QCEW Employees,258.74520159326624,285.7665316801445,22707624.090287898,Construction Industries,27.021330086878265,0.10443219785522584
75078,Construction Industries,QCEW Employees,1689.4503418381532,1878.6184516074818,170838844.72408846,Construction Industries,189.16810976932857,0.11197021012379094
75080,Construction Industries,QCEW Employees,1070.1442452757788,1134.7353160683156,100781816.87131195,Construction Industries,64.59107079253681,0.060357350027978374
75081,Construction Industries,QCEW Employees,3924.107346980563,4160.188675988682,403399307.14185476,Construction Industries,236.08132900811916,0.060161791748580384
75082,Construction Industries,QCEW Employees,514.4238120340799,557.168793036597,44800774.757436894,Construction Industries,42.74498100251708,0.08309292844259963
75083,Construction Industries,QCEW Employees,0.21802542695786575,0.13063399214168814,20806.80668193239,Construction Industries,-0.08739143481617762,-0.4008313894189339
75085,Construction Industries,QCEW Employees,0.13503578378216272,0.07651079221931886,13564.49204196356,Construction Industries,-0.05852499156284385,-0.43340357587922995
75086,Construction Industries,QCEW Employees,19.795976707223126,12.150096228620205,2613371.4678841587,Construction Industries,-7.645880478602921,-0.3862340611773454
75087,Construction Industries,QCEW Employees,1236.1398106286763,1422.821479300472,108359158.45654602,Construction Industries,186.6816686717957,0.15101986609172724
75088,Construction Industries,QCEW Employees,1547.7381167984167,1645.9096349827878,144779702.94916713,Construction Industries,98.17151818437105,0.06342902401825201
75089,Construction Industries,QCEW Employees,195.28699705663377,213.16137027769267,19995428.72810008,Construction Industries,17.874373221058903,0.09152874226375296
75093,Construction Industries,QCEW Employees,1370.4105247358998,1528.20346545471,152773477.43984067,Construction Industries,157.7929407188103,0.1151428260879852
75094,Construction Industries,QCEW Employees,166.5205663209157,198.12442299492193,18083949.475439943,Construction Industries,31.603856674006238,0.1897895099221547
75098,Construction Industries,QCEW Employees,2008.6697900950267,2208.459559112775,186394101.7024753,Construction Industries,199.7897690177483,0.0994637197228403
75104,Construction Industries,QCEW Employees,1071.6209887444456,1135.9817468039696,115749640.2395255,Construction Industries,64.36075805952396,0.06005925484431929
75106,Construction Industries,QCEW Employees,0.9417006375037763,15.935660093539303,74832.13967459764,Construction Industries,14.993959456035526,15.922214405398446
75114,Construction Industries,QCEW Employees,204.64339751251475,223.4638695572748,15473815.0850659,Construction Industries,18.820472044760038,0.0919671598181373
75115,Construction Industries,QCEW Employees,801.7644603186274,849.782050546711,109555282.99940369,Construction Industries,48.01759022808369,0.059889896103652696
75116,Construction Industries,QCEW Employees,256.79482503007233,272.0504981819266,27922323.094045825,Construction Industries,15.255673151854296,0.059408024091091916
75119,Construction Industries,QCEW Employees,816.8823692900241,926.8241530781956,62275783.44036422,Construction Industries,109.9417837881715,0.13458704450155423
75123,Construction Industries,QCEW Employees,123.10225042447124,142.7362197429952,13299195.65133182,Construction Industries,19.633969318523953,0.15949317945710728
75125,Construction Industries,QCEW Employees,183.5151207142383,207.72420202596368,15509411.647077177,Construction Industries,24.209081311725384,0.13191872809991878
75126,Construction Industries,QCEW Employees,1435.9005947383414,1545.1082841258703,116720530.98769273,Construction Industries,109.20768938752894,0.07605518779482745
75132,Construction Industries,QCEW Employees,0.030727038851565643,0.03014520237431416,2580.726330402124,Construction Industries,-0.0005818364772514836,-0.01893565078178161
75134,Construction Industries,QCEW Employees,182.25779475631333,193.09721901155356,22431378.507970925,Construction Industries,10.839424255240232,0.05947303526706782
75135,Construction Industries,QCEW Employees,222.42396138565275,246.43459863921177,16702159.20324418,Construction Industries,24.010637253559025,0.1079498679188069
75137,Construction Industries,QCEW Employees,643.9764767498195,682.5922198447903,63690351.336159624,Construction Industries,38.61574309497075,0.05996452430974841
75138,Construction Industries,QCEW Employees,129.73375159241476,142.40332215921742,15190117.918586217,Construction Industries,12.669570566802662,0.09765824553202407
75141,Construction Industries,QCEW Employees,164.8994036035494,174.97746189257208,18347503.723157153,Construction Industries,10.078058289022692,0.061116402296107264
75142,Construction Industries,QCEW Employees,557.1005169089461,611.9283634824135,45008273.42872436,Construction Industries,54.827846573467355,0.0984164345739218
75143,Construction Industries,QCEW Employees,167.2793437799075,184.09323293988413,12686004.668634392,Construction Industries,16.81388915997664,0.10051383978465966
75146,Construction Industries,QCEW Employees,819.6035756034634,860.3524733277491,88372300.28525513,Construction Industries,40.74889772428571,0.04971781351037041
75147,Construction Industries,QCEW Employees,82.47038776059169,90.05495488777439,6736960.950458071,Construction Industries,7.584567127182694,0.09196715734137673
75149,Construction Industries,QCEW Employees,2373.9748364878847,2516.6591576402884,252073284.00982457,Construction Industries,142.68432115240375,0.06010355247214605
75150,Construction Industries,QCEW Employees,2709.9939945037677,2873.1234078017346,266745553.63942674,Construction Industries,163.12941329796695,0.06019548885673376
75152,Construction Industries,QCEW Employees,62.052342714652134,69.85194531703226,5281342.454997702,Construction Industries,7.799602602380126,0.12569392646860433
75154,Construction Industries,QCEW Employees,1296.4618957885598,1459.4959131351634,103115408.57515262,Construction Industries,163.0340173466036,0.1257530343747124
75158,Construction Industries,QCEW Employees,84.72124309383899,92.51281283322082,7323295.150070591,Construction Industries,7.791569739381828,0.09196713191226102
75159,Construction Industries,QCEW Employees,896.2215960018307,950.2755420850522,82748399.38714838,Construction Industries,54.05394608322149,0.06031314836014179
75160,Construction Industries,QCEW Employees,498.93675580211425,562.6480893080367,37951645.57479526,Construction Industries,63.711333505922426,0.12769420726179437
75161,Construction Industries,QCEW Employees,110.45746742444562,120.61592233108198,8683574.195940187,Construction Industries,10.15845490663635,0.09196711769247168
75165,Construction Industries,QCEW Employees,1232.698690636346,1403.445835903863,104652292.62974331,Construction Industries,170.747145267517,0.13851490762870333
75166,Construction Industries,QCEW Employees,45.06465578200353,50.100644562696885,5691422.876863137,Construction Industries,5.0359887806933585,0.11175029950421744
75167,Construction Industries,QCEW Employees,234.27372938895326,264.7027678453263,18074780.109633103,Construction Industries,30.429038456373064,0.129886686551411
75168,Construction Industries,QCEW Employees,7.432389057518539,7.938147076465712,669960.3274525972,Construction Industries,0.5057580189471729,0.0680478396694737
75172,Construction Industries,QCEW Employees,161.07018755513016,167.92122325419675,18485362.67251841,Construction Industries,6.8510356990665855,0.04253447396478416
75173,Construction Industries,QCEW Employees,617.8654486905721,688.74093415304,54394230.654116996,Construction Industries,70.87548546246796,0.11471022633272776
75180,Construction Industries,QCEW Employees,1781.1914403713117,1871.5474028945064,175030902.25715786,Construction Industries,90.35596252319465,0.050727822105612
75181,Construction Industries,QCEW Employees,651.9306015180938,691.2440445098599,67464503.42981385,Construction Industries,39.313442991766124,0.060303110331406895
75182,Construction Industries,QCEW Employees,957.6356341247025,1023.9762622535279,98218935.29017802,Construction Industries,66.34062812882541,0.06927543813619885
75189,Construction Industries,QCEW Employees,1221.5988226672212,1372.932563017379,98904992.73543173,Construction Industries,151.33374035015777,0.12388170121164488
75201,Construction Industries,QCEW Employees,3276.838675734864,3473.9895606536293,391524859.7990374,Construction Industries,197.1508849187653,0.0601649652082894
75202,Construction Industries,QCEW Employees,890.3940171764144,943.967984534609,104110108.60574849,Construction Industries,53.57396735819452,0.06016883124179828
75203,Construction Industries,QCEW Employees,6.133960634393344,6.546369467572243,613879.9498077461,Construction Industries,0.4124088331788984,0.06723369414314573
75204,Construction Industries,QCEW Employees,911.321756997231,966.150742374553,87070735.9804112,Construction Industries,54.828985377322056,0.06016424490728878
75205,Construction Industries,QCEW Employees,832.2554820052762,882.3494003655765,96934318.44992039,Construction Industries,50.09391836030022,0.06019055379437277
75206,Construction Industries,QCEW Employees,1405.9333275117062,1485.0556148646208,140093500.276809,Construction Industries,79.12228735291455,0.056277410745322776
75207,Construction Industries,QCEW Employees,726.3076420197879,785.900708777332,85946534.04658855,Construction Industries,59.59306675754419,0.0820493456351663
75208,Construction Industries,QCEW Employees,705.3480870864921,747.6144832501628,76785818.49806201,Construction Industries,42.26639616367072,0.05992274869313974
75209,Construction Industries,QCEW Employees,136.17261028829017,144.26967709748922,18564199.609651256,Construction Industries,8.097066809199049,0.05946178744798081
75210,Construction Industries,QCEW Employees,48.34935045158907,51.17513402254836,5935670.9487592885,Construction Industries,2.8257835709592953,0.05844511962551957
75211,Construction Industries,QCEW Employees,863.6152213228759,879.2016012986699,100629861.96044582,Construction Industries,15.586379975793989,0.018047829161601525
75212,Construction Industries,QCEW Employees,567.3980561330063,601.5436023556076,69556020.391379,Construction Industries,34.1455462226013,0.06017917378024484
75214,Construction Industries,QCEW Employees,285.6736227750842,302.8073295953554,31547817.869542092,Construction Industries,17.133706820271186,0.05997650974504154
75215,Construction Industries,QCEW Employees,138.6826821858336,147.00251445701738,14865359.226955503,Construction Industries,8.31983227118377,0.05999186156520442
75216,Construction Industries,QCEW Employees,732.8549841057867,776.9376483380294,73957129.91087317,Construction Industries,44.08266423224268,0.060151960740270294
75217,Construction Industries,QCEW Employees,858.7313390336626,910.3850945336951,88222211.80106798,Construction Industries,51.6537555000325,0.06015124073398659
75218,Construction Industries,QCEW Employees,408.43654119119225,432.9284713617105,40947969.71579132,Construction Industries,24.49193017051823,0.05996508074201268
75219,Construction Industries,QCEW Employees,1448.2047678414328,1535.421956176761,190001625.29512516,Construction Industries,87.21718833532805,0.060224348291109564
75220,Construction Industries,QCEW Employees,5248.867433118752,5579.569270927633,603295096.5906866,Construction Industries,330.70183780888055,0.0630044180049687
75222,Construction Industries,QCEW Employees,79.99097399038847,106.05220611939122,9969603.112362955,Construction Industries,26.061232129002747,0.3258021602804111
75223,Construction Industries,QCEW Employees,169.15765810844374,179.29027711908014,17342146.817257933,Construction Industries,10.132619010636404,0.059900445087390564
75224,Construction Industries,QCEW Employees,62.220205302974186,65.92719585556819,5842672.978569443,Construction Industries,3.706990552594,0.05957856510667603
75225,Construction Industries,QCEW Employees,643.3638037386725,682.0716373340761,72094217.96879831,Construction Industries,38.7078335954036,0.06016476738428134
75226,Construction Industries,QCEW Employees,289.4161180821308,306.72713027630306,30286540.77255367,Construction Industries,17.311012194172235,0.059813573303680645
75227,Construction Industries,QCEW Employees,1410.1018857161487,1494.7920902553215,134388448.30520138,Construction Industries,84.69020453917278,0.060059634978901544
75228,Construction Industries,QCEW Employees,1022.7428474149258,1084.2595007213743,95490322.8255248,Construction Industries,61.51665330644846,0.06014870058679689
75229,Construction Industries,QCEW Employees,4468.520404008593,4737.351770377651,451674729.4041337,Construction Industries,268.83136636905783,0.060161158966152595
75230,Construction Industries,QCEW Employees,287.0755594951144,304.3373836045159,31295372.053951398,Construction Industries,17.26182410940146,0.06012989799535773
75231,Construction Industries,QCEW Employees,999.879516144771,1060.0246283098927,110750488.50793971,Construction Industries,60.14511216512176,0.06015235955330178
75232,Construction Industries,QCEW Employees,86.96269665986972,92.15208057916554,8467530.394529892,Construction Industries,5.189383919295821,0.059673677549267445
75233,Construction Industries,QCEW Employees,56.183008325926,59.54641373921336,5205898.838491842,Construction Industries,3.36340541328736,0.059865171223579594
75234,Construction Industries,QCEW Employees,6404.8877115026935,6756.690379783018,667529877.8339359,Construction Industries,351.8026682803247,0.05492721873148754
75235,Construction Industries,QCEW Employees,600.1238362382712,644.3517857374914,58523235.236493334,Construction Industries,44.22794949922013,0.07369803835230426
75236,Construction Industries,QCEW Employees,241.2614939339542,256.5116687965765,21583537.628225975,Construction Industries,15.250174862622288,0.06321014851544038
75237,Construction Industries,QCEW Employees,57.63084915353565,61.32106899066017,6246881.677201743,Construction Industries,3.6902198371245234,0.06403202262894525
75238,Construction Industries,QCEW Employees,2889.560848764535,3062.835650948213,263242987.2744629,Construction Industries,173.27480218367782,0.05996579108474687
75240,Construction Industries,QCEW Employees,946.0124900392168,1003.1499141446392,99237680.34872234,Construction Industries,57.13742410542238,0.06039817096183775
75241,Construction Industries,QCEW Employees,57.449808691065456,60.795947320900794,5751438.835404705,Construction Industries,3.3461386298353375,0.05824455652810068
75243,Construction Industries,QCEW Employees,1526.109815615312,1538.6624454468042,145636898.96651718,Construction Industries,12.55262983149214,0.008225246769958616
75244,Construction Industries,QCEW Employees,1130.9524960026192,1199.5877054168614,122986262.09635983,Construction Industries,68.63520941424213,0.06068796846625757
75246,Construction Industries,QCEW Employees,94.17222562139439,99.8516632867069,11369008.715849753,Construction Industries,5.679437665312506,0.06030905214182636
75247,Construction Industries,QCEW Employees,2308.2226837936387,2456.4163321538636,278289207.0643331,Construction Industries,148.19364836022487,0.06420249198689265
75248,Construction Industries,QCEW Employees,1095.7516044624217,1161.6836484897904,128450993.32471636,Construction Industries,65.93204402736865,0.060170611440459654
75249,Construction Industries,QCEW Employees,14.561575789097185,15.459384299322847,1988151.0679733353,Construction Industries,0.8978085102256621,0.06165599954490397
75251,Construction Industries,QCEW Employees,984.1855950020666,1043.3816020247455,103769933.45839393,Construction Industries,59.19600702267883,0.060147199190163425
75252,Construction Industries,QCEW Employees,1106.9964557760657,1237.2869674472079,114076689.35457408,Construction Industries,130.2905116711422,0.11769731600432398
75253,Construction Industries,QCEW Employees,562.8825491754101,596.7134884572312,48622314.61400524,Construction Industries,33.83093928182109,0.06010301675079721
75254,Construction Industries,QCEW Employees,907.9179280009532,962.5933165065227,110423063.08607438,Construction Industries,54.67538850556946,0.06022062878079004
75260,Construction Industries,QCEW Employees,112.39691181848168,168.4388612208688,12491092.26540117,Construction Industries,56.04194940238712,0.4986075550980753
75261,Construction Industries,QCEW Employees,110.96720061907843,119.52844853905658,10761091.415657625,Construction Industries,8.561247919978157,0.07715115702852327
75270,Construction Industries,QCEW Employees,1.4930857447331358,0.9803661024895598,203178.97387336678,Construction Industries,-0.512719642243576,-0.3433959798037025
75287,Construction Industries,QCEW Employees,117.0861933803609,130.11474657386233,12674121.06401791,Construction Industries,13.028553193501438,0.11127318104174311
75313,Construction Industries,QCEW Employees,0.20597369547514613,0.4358319803010626,27480.317867612437,Construction Industries,0.2298582848259165,1.1159594155732977
75360,Construction Industries,QCEW Employees,0.14332181107283037,0.31486672900564083,19271.670032778256,Construction Industries,0.17154491793281046,1.196921226774327
75367,Construction Industries,QCEW Employees,0.08023244419248497,0.17542734482176575,10280.83789009594,Construction Industries,0.09519490062928078,1.186488852326367
75370,Construction Industries,QCEW Employees,0.0822485747863917,0.18789097648535505,10471.90300818768,Construction Industries,0.10564240169896334,1.284428356033255
75374,Construction Industries,QCEW Employees,0.09111836946287526,0.19005414818847974,11741.459177714558,Construction Industries,0.09893577872560448,1.0857939986065523
75376,Construction Industries,QCEW Employees,0.08758724291363881,0.18358261948779428,10995.752444567697,Construction Industries,0.09599537657415547,1.095997240931617
75379,Construction Industries,QCEW Employees,0.07410897088987739,0.13267326530878795,9233.470863711826,Construction Industries,0.05856429441891056,0.7902456843711199
75381,Construction Industries,QCEW Employees,0.0409413746504984,0.0778171111464547,4994.513234234157,Construction Industries,0.0368757364959563,0.9006961004790639
75382,Construction Industries,QCEW Employees,0.05003611193191417,0.08396651529372466,5696.7757427789065,Construction Industries,0.03393040336181049,0.6781183039957368
75401,Construction Industries,QCEW Employees,284.0089492770642,322.4305420845337,20882582.121006455,Construction Industries,38.42159280746955,0.13528303564120248
75402,Construction Industries,QCEW Employees,464.1006977309844,532.0877833310562,34283059.35487333,Construction Industries,67.98708560007185,0.1464920995216441
75407,Construction Industries,QCEW Employees,381.66093828296175,427.1309329217367,44245486.98634233,Construction Industries,45.46999463877495,0.11913714524556274
75409,Construction Industries,QCEW Employees,454.7367168312596,505.33666882512466,57102212.16972957,Construction Industries,50.599951993865034,0.11127307323336577
75422,Construction Industries,QCEW Employees,25.102670647243848,28.421609619291928,1861938.8068509814,Construction Industries,3.3189389720480804,0.13221457663559333
75423,Construction Industries,QCEW Employees,30.62691456039446,34.67624022912574,2221496.273971867,Construction Industries,4.049325668731278,0.13221461341612617
75424,Construction Industries,QCEW Employees,97.64950839804469,108.51528495162339,9688767.979684085,Construction Industries,10.865776553578698,0.11127323354549801
75428,Construction Industries,QCEW Employees,129.13135404489276,143.02404339788632,9338884.758295521,Construction Industries,13.892689352993557,0.10758571731667699
75442,Construction Industries,QCEW Employees,308.79120683204786,353.3462052116327,32957057.39655231,Construction Industries,44.554998379584845,0.14428842983154766
75453,Construction Industries,QCEW Employees,55.04301441690435,62.32050867688924,4026603.457496332,Construction Industries,7.277494259984891,0.1322146749606412
75454,Construction Industries,QCEW Employees,1514.358087949038,1748.3958601863094,218162873.4193479,Construction Industries,234.03777223727138,0.1545458594632918
75474,Construction Industries,QCEW Employees,399.77424511980354,453.71013929255037,28911903.52891179,Construction Industries,53.93589417274683,0.13491588022781054
75496,Construction Industries,QCEW Employees,100.59924135737569,113.89993613499938,6544741.922611053,Construction Industries,13.30069477762369,0.1322146628360088
76001,Construction Industries,QCEW Employees,1649.0429982191447,1794.4553568041858,152811506.05021343,Construction Industries,145.41235858504115,0.08817984657894096
76002,Construction Industries,QCEW Employees,194.99100244199695,212.1850760678471,17989556.271083023,Construction Industries,17.194073625850137,0.08817880522956334
76003,Construction Industries,QCEW Employees,443.2489448814714,443.31228483036443,67250819.23605314,Construction Industries,0.06333994889303085,0.00014289926603194836
76004,Construction Industries,QCEW Employees,46.391296657162115,43.8786745902964,5355152.205801356,Construction Industries,-2.512622066865717,-0.05416149683063032
76005,Construction Industries,QCEW Employees,67.10863287017828,71.70682626520163,6210057.537231775,Construction Industries,4.598193395023344,0.06851865696502202
76006,Construction Industries,QCEW Employees,1762.3049709247443,1917.7048524265108,166433312.60283664,Construction Industries,155.39988150176646,0.08817990306196699
76008,Construction Industries,QCEW Employees,741.7682475206284,825.5602174723381,65603493.45481797,Construction Industries,83.79196995170969,0.1129624653411434
76009,Construction Industries,QCEW Employees,1481.7055828605182,1707.7671345324297,121345142.36765112,Construction Industries,226.0615516719115,0.15256846858570006
76010,Construction Industries,QCEW Employees,326.7535805869113,355.566846283376,33253123.91627025,Construction Industries,28.81326569646467,0.08818041303391566
76011,Construction Industries,QCEW Employees,1772.1777946412806,1928.4484418893999,169267833.99379835,Construction Industries,156.2706472481193,0.0881800052571764
76012,Construction Industries,QCEW Employees,218.3237695106121,237.5760247822878,18326974.081873465,Construction Industries,19.252255271675693,0.088182131129519
76013,Construction Industries,QCEW Employees,612.3024481298171,666.1997870300721,53609050.65359822,Construction Industries,53.89733890025502,0.08802404606559411
76014,Construction Industries,QCEW Employees,448.4750905984623,488.0200443844496,42448417.18594555,Construction Industries,39.544953785987275,0.08817647761265168
76015,Construction Industries,QCEW Employees,545.7638031822793,593.8894856593384,51397017.48710268,Construction Industries,48.12568247705917,0.08818042200022136
76016,Construction Industries,QCEW Employees,242.73532677818096,264.14518606467635,21674134.03075199,Construction Industries,21.40985928649539,0.08820248610149917
76017,Construction Industries,QCEW Employees,516.6586692890534,562.9623609239067,46429585.318265945,Construction Industries,46.303691634853294,0.08962143555738522
76018,Construction Industries,QCEW Employees,85.44386705531127,92.97880437734727,7808542.924728454,Construction Industries,7.534937322036001,0.08818581814840298
76019,Construction Industries,QCEW Employees,0.009097256756915134,0.0012969003437406968,371.9858283245759,Construction Industries,-0.007800356413174438,-0.8574405033962706
76020,Construction Industries,QCEW Employees,635.9028793013044,700.8347743546917,56371486.718711674,Construction Industries,64.93189505338728,0.10210976733543164
76021,Construction Industries,QCEW Employees,393.1331557208211,427.54184745039635,35674804.95039095,Construction Industries,34.40869172957525,0.08752426812357239
76022,Construction Industries,QCEW Employees,268.7021180755132,292.26477001152637,24653691.093192015,Construction Industries,23.56265193601314,0.08769060737136192
76023,Construction Industries,QCEW Employees,359.08212817106227,404.17151413521754,28739554.742118686,Construction Industries,45.08938596415527,0.12556844918406873
76028,Construction Industries,QCEW Employees,2919.9027513503142,3411.7841442901367,232290479.87285522,Construction Industries,491.8813929398225,0.16845814221461697
76031,Construction Industries,QCEW Employees,739.2372834215931,864.1382746676759,56658246.39142317,Construction Industries,124.90099124608275,0.16895926929980165
76033,Construction Industries,QCEW Employees,733.0185797026021,858.2485222447405,60518788.58262128,Construction Industries,125.22994254213836,0.1708414302307948
76034,Construction Industries,QCEW Employees,584.9335936040306,636.4903043774817,59125431.17466991,Construction Industries,51.55671077345107,0.08814113488641961
76035,Construction Industries,QCEW Employees,39.65367916560692,38.62875214366257,3481563.162457845,Construction Industries,-1.0249270219443503,-0.02584695905930734
76036,Construction Industries,QCEW Employees,912.6408682557602,992.9547439063556,117331276.81760922,Construction Industries,80.31387565059538,0.08800162083919316
76039,Construction Industries,QCEW Employees,245.23421234521373,266.47994805957063,23711321.81731861,Construction Industries,21.245735714356897,0.08663446878467962
76040,Construction Industries,QCEW Employees,3440.0607799389177,3743.2227944069004,326804282.61807585,Construction Industries,303.1620144679828,0.08812693549948425
76043,Construction Industries,QCEW Employees,237.15020596547782,278.1861413385741,26706348.578623876,Construction Industries,41.035935373096265,0.17303773870249106
76044,Construction Industries,QCEW Employees,218.17287642251887,255.03518119765,17184878.945800148,Construction Industries,36.86230477513112,0.16895915468310863
76048,Construction Industries,QCEW Employees,529.7439777504633,575.2711637236646,45463351.25724021,Construction Industries,45.52718597320131,0.08594186604353804
76049,Construction Industries,QCEW Employees,769.0534466276941,840.1921078382434,63494259.60810441,Construction Industries,71.13866121054923,0.0925015829816418
76050,Construction Industries,QCEW Employees,90.64312381085124,101.87661548945714,7210593.350217549,Construction Industries,11.233491678605901,0.12393098567572869
76051,Construction Industries,QCEW Employees,3118.925372956627,3397.6683799183024,310569834.1785345,Construction Industries,278.7430069616753,0.08937148973764542
76052,Construction Industries,QCEW Employees,1024.057782549933,1114.353268854122,106256769.067339,Construction Industries,90.2954863041889,0.08817421032566197
76053,Construction Industries,QCEW Employees,1480.2224217734356,1610.747086554114,137334123.6728106,Construction Industries,130.52466478067845,0.088179089075207
76054,Construction Industries,QCEW Employees,739.3734208519343,804.5616511458123,69093144.15240616,Construction Industries,65.18823029387806,0.0881668564969047
76058,Construction Industries,QCEW Employees,448.1841014242266,518.1609259884249,34287138.81765236,Construction Industries,69.9768245641983,0.1561341072604494
76059,Construction Industries,QCEW Employees,21.867966414997852,25.562492774537528,1697596.9885259036,Construction Industries,3.694526359539676,0.1689469559915655
76060,Construction Industries,QCEW Employees,1222.7373800884056,1330.5579049484759,118728921.27566144,Construction Industries,107.82052486007024,0.0881796259899037
76061,Construction Industries,QCEW Employees,8.379212826580217,9.517378362974421,651646.2208951238,Construction Industries,1.1381655363942045,0.13583203577115976
76063,Construction Industries,QCEW Employees,3227.5829572693838,3512.1903645095404,310977353.02242607,Construction Industries,284.6074072401566,0.08817973418751146
76064,Construction Industries,QCEW Employees,37.6048459869951,42.56919216910162,3092042.582276402,Construction Industries,4.964346182106517,0.13201346932316493
76065,Construction Industries,QCEW Employees,1793.0740193289048,2029.2092567696122,143856693.39505705,Construction Industries,236.13523744070744,0.1316929668799094
76066,Construction Industries,QCEW Employees,147.89040634229437,164.59653692523955,11627294.58650135,Construction Industries,16.70613058294518,0.11296290946877652
76070,Construction Industries,QCEW Employees,22.544949983005566,26.460832323496987,2141648.8910618313,Construction Industries,3.9158823404914216,0.1736922168132209
76071,Construction Industries,QCEW Employees,45.96705966139131,52.23462524441384,3305619.538181992,Construction Industries,6.267565583022531,0.13634906450818285
76073,Construction Industries,QCEW Employees,154.94726995166494,176.9055302925154,12608787.898524642,Construction Industries,21.958260340850472,0.14171440611828956
76077,Construction Industries,QCEW Employees,54.965644928280206,64.49876620893417,4604526.565691676,Construction Industries,9.533121280653965,0.17343781362145183
76078,Construction Industries,QCEW Employees,362.8967151398104,405.3969110911788,28635715.854838513,Construction Industries,42.500195951368426,0.11711375214568887
76082,Construction Industries,QCEW Employees,534.1971324335746,585.4778915404396,50297570.60468632,Construction Industries,51.28075910686505,0.09599594605319539
76084,Construction Industries,QCEW Employees,627.9903786475492,770.1487491731955,49663731.46885175,Construction Industries,142.15837052564632,0.22637030018166993
76085,Construction Industries,QCEW Employees,270.496834467178,305.49925342038125,21008802.55371314,Construction Industries,35.00241895320323,0.12940047532219978
76086,Construction Industries,QCEW Employees,754.0968404740945,839.2808357869579,62064298.700376466,Construction Industries,85.18399531286343,0.1129616128073272
76087,Construction Industries,QCEW Employees,894.9067529427251,995.9968601424121,78403993.1016546,Construction Industries,101.09010719968694,0.1129616095389514
76088,Construction Industries,QCEW Employees,627.5089889286752,703.0087085462022,54237271.74628556,Construction Industries,75.49971961752703,0.12031655474198888
76092,Construction Industries,QCEW Employees,4984.433761959383,5423.959734636288,592227380.5638008,Construction Industries,439.52597267690453,0.08817971983724915
76093,Construction Industries,QCEW Employees,65.48312815277524,75.73545969373264,5226752.960925303,Construction Industries,10.2523315409574,0.1565644743946597
76095,Construction Industries,QCEW Employees,264.95102376610754,308.40656469151094,36818019.47174031,Construction Industries,43.4555409254034,0.1640134856159865
76096,Construction Industries,QCEW Employees,1.4037685631491807,2.995209745113659,113970.29941751991,Construction Industries,1.591441181964478,1.13369199435146
76097,Construction Industries,QCEW Employees,9.827218977135955,10.722905755252304,722146.1613330225,Construction Industries,0.8956867781163496,0.09114346390370032
76099,Construction Industries,QCEW Employees,0.00710720137299521,0.06356306804799937,4451.291766875483,Construction Industries,0.05645586667500416,7.943473627962195
76101,Construction Industries,QCEW Employees,0.021657756329803837,0.042714709982148866,450.58588802350414,Construction Industries,0.02105695365234503,0.9722592373692918
76102,Construction Industries,QCEW Employees,1343.7768673288595,1462.2752344581554,134721611.47089672,Construction Industries,118.49836712929596,0.08818306819408583
76103,Construction Industries,QCEW Employees,234.37889325876424,255.0461766865124,19799825.800640285,Construction Industries,20.667283427748174,0.0881789445303447
76104,Construction Industries,QCEW Employees,251.0271597676324,273.19264536892854,22270443.167109277,Construction Industries,22.165485601296126,0.08829915305504787
76105,Construction Industries,QCEW Employees,202.49991921289063,214.28301243480195,18503881.5472186,Construction Industries,11.783093221911315,0.05818813789018651
76106,Construction Industries,QCEW Employees,833.4669894875539,906.9904362147615,78920984.3875236,Construction Industries,73.52344672720767,0.08821398766184196
76107,Construction Industries,QCEW Employees,859.9363211043706,935.8065417091326,88249346.44083434,Construction Industries,75.87022060476204,0.08822771959129017
76108,Construction Industries,QCEW Employees,240.25773102050294,261.44476209265906,22234063.01628512,Construction Industries,21.187031072156117,0.08818459652542066
76109,Construction Industries,QCEW Employees,396.61362170851794,431.5882966103202,36894357.8040401,Construction Industries,34.974674901802246,0.08818324179371251
76110,Construction Industries,QCEW Employees,496.9240736249316,540.7435081681381,42021190.63460369,Construction Industries,43.819434543206455,0.0881813477530986
76111,Construction Industries,QCEW Employees,1157.4978300042976,1259.5659954763582,97599785.78226206,Construction Industries,102.06816547206063,0.088180005893991
76112,Construction Industries,QCEW Employees,395.2339595116143,430.0859115443704,32617460.165721014,Construction Industries,34.85195203275612,0.08818056038459399
76113,Construction Industries,QCEW Employees,0.004663250632253144,0.008465599286848147,133.27684021396968,Construction Industries,0.003802348654595003,0.8153858658799604
76114,Construction Industries,QCEW Employees,306.73711876297176,333.8660535509996,27977816.270313337,Construction Industries,27.128934788027834,0.08844359918823996
76115,Construction Industries,QCEW Employees,156.26732582524122,170.10630636940533,14669305.920926016,Construction Industries,13.838980544164116,0.08855965552031453
76116,Construction Industries,QCEW Employees,1692.9388177467658,1883.1606292576041,154489557.7842949,Construction Industries,190.22181151083828,0.11236189371805883
76117,Construction Industries,QCEW Employees,2379.2465366990505,2504.0391108034446,251499167.91361254,Construction Industries,124.79257410439413,0.05245045949611016
76118,Construction Industries,QCEW Employees,1991.8013595532952,2169.3514819262073,187050117.7298456,Construction Industries,177.55012237291203,0.08914047654467483
76119,Construction Industries,QCEW Employees,2931.3270377083754,3189.8120118724996,283699170.473073,Construction Industries,258.4849741641242,0.08818018966802144
76120,Construction Industries,QCEW Employees,498.9609375672013,543.0930964909338,50018021.530459575,Construction Industries,44.132158923732504,0.08844812409345915
76121,Construction Industries,QCEW Employees,0.01299874416088194,0.006163800410234258,883.4358954678513,Construction Industries,-0.006834943750647682,-0.5258156992747478
76123,Construction Industries,QCEW Employees,89.25408882315854,97.0262851991545,9526491.737858254,Construction Industries,7.772196375995961,0.08707944340113327
76124,Construction Industries,QCEW Employees,34.65518430420837,40.623702617144524,4947728.232543562,Construction Industries,5.968518312936155,0.1722258424755041
76126,Construction Industries,QCEW Employees,582.5746471049899,633.9460687812569,61139615.7495027,Construction Industries,51.371421676267005,0.08817998162389817
76127,Construction Industries,QCEW Employees,2.1260561795244786,2.3146540858962905,219194.76918725818,Construction Industries,0.18859790637181195,0.08870786585422885
76131,Construction Industries,QCEW Employees,1019.9266979879886,1109.8637353593017,132922684.14610556,Construction Industries,89.93703737131307,0.08817990307414458
76132,Construction Industries,QCEW Employees,366.5917906369531,398.9179598669725,34093371.73281871,Construction Industries,32.326169230019445,0.08818028678125267
76133,Construction Industries,QCEW Employees,315.42735157928655,340.95042224157976,30008923.208638843,Construction Industries,25.523070662293208,0.0809158449148557
76134,Construction Industries,QCEW Employees,259.6689656148687,282.56747846374344,24290385.45667219,Construction Industries,22.89851284887476,0.08818347927968029
76135,Construction Industries,QCEW Employees,429.13447849736895,466.9754851086936,41194463.79632854,Construction Industries,37.841006611324644,0.08817983291351084
76137,Construction Industries,QCEW Employees,1839.7294589584017,2001.9519231131844,174518320.79135504,Construction Industries,162.22246415478276,0.08817734768819108
76140,Construction Industries,QCEW Employees,2377.9396024152866,2587.626909496963,228650261.8542551,Construction Industries,209.6873070816764,0.08818024935061253
76148,Construction Industries,QCEW Employees,311.35765575781215,336.7006337359986,27559962.366484042,Construction Industries,25.342977978186468,0.0813950693343457
76155,Construction Industries,QCEW Employees,1567.0753999639755,1705.261330661079,171288726.56430644,Construction Industries,138.18593069710346,0.08818077975078942
76161,Construction Industries,QCEW Employees,0.010338055767872816,0.003851096934982943,593.8558810201413,Construction Industries,-0.006486958832889873,-0.6274834435551362
76162,Construction Industries,QCEW Employees,0.0070904371129246555,0.0034222890320252915,404.49137155291214,Construction Industries,-0.003668148080899364,-0.5173373689772887
76163,Construction Industries,QCEW Employees,0.08746404503577045,0.14197282626354055,11781.285635598722,Construction Industries,0.0545087812277701,0.6232135868570619
76164,Construction Industries,QCEW Employees,295.7533297029581,321.83301235467883,26254918.104674466,Construction Industries,26.079682651720702,0.08818052083441974
76177,Construction Industries,QCEW Employees,1461.8468006466146,1590.753185587033,165090975.5369632,Construction Industries,128.90638494041832,0.08818050214523132
76179,Construction Industries,QCEW Employees,2306.6616171971136,2549.9524488219413,221553635.4738528,Construction Industries,243.29083162482766,0.10547313477234543
76180,Construction Industries,QCEW Employees,529.4131311817109,576.0549164043011,70010269.53653117,Construction Industries,46.641785222590215,0.08810092246575074
76182,Construction Industries,QCEW Employees,711.9177375502785,774.6783839193952,61764193.452577055,Construction Industries,62.76064636911667,0.08815716066448509
76185,Construction Industries,QCEW Employees,182.99785868949743,218.18123379385364,27260393.482513633,Construction Industries,35.1833751043562,0.19226113002805012
76196,Construction Industries,QCEW Employees,69.60279449944214,79.50709898596446,10516208.874423083,Construction Industries,9.90430448652232,0.14229751201443075
76201,Construction Industries,QCEW Employees,589.2074665803507,650.7078176201718,55618986.57088894,Construction Industries,61.50035103982111,0.10437809180653734
76205,Construction Industries,QCEW Employees,379.60311168288126,428.05292224450574,36248721.42263467,Construction Industries,48.449810561624474,0.12763280666176202
76206,Construction Industries,QCEW Employees,9.827919209472597,12.405553810610542,1033110.070776763,Construction Industries,2.5776346011379445,0.26227673897171466
76207,Construction Industries,QCEW Employees,315.00651482537046,347.8203919184822,30846256.700461857,Construction Industries,32.81387709311173,0.10416888397150359
76208,Construction Industries,QCEW Employees,522.8863569592445,558.2083891903968,52130248.58863346,Construction Industries,35.32203223115232,0.06755202494966883
76209,Construction Industries,QCEW Employees,133.16741383569254,147.09506619203276,12613979.147767967,Construction Industries,13.927652356340218,0.10458754101453627
76210,Construction Industries,QCEW Employees,221.87465767640995,252.76680392797994,20217423.06549933,Construction Industries,30.892146251569983,0.1392324232748754
76225,Construction Industries,QCEW Employees,49.602239180179744,56.1396431358023,3411382.756890722,Construction Industries,6.537403955622558,0.13179654918148942
76226,Construction Industries,QCEW Employees,858.4643618417267,954.4925713958055,76200700.31643939,Construction Industries,96.02820955407879,0.11186044968490294
76227,Construction Industries,QCEW Employees,628.4090828699908,694.0092815091305,58941228.5936103,Construction Industries,65.60019863913965,0.10439091417892743
76234,Construction Industries,QCEW Employees,818.5629806639848,921.4779228687004,69361666.40448308,Construction Industries,102.91494220471554,0.12572635781944985
76244,Construction Industries,QCEW Employees,2568.723503858604,2795.232840789936,247027701.96150064,Construction Industries,226.50933693133175,0.08817972685307751
76247,Construction Industries,QCEW Employees,850.643561449361,938.9180568562196,75673287.43908477,Construction Industries,88.27449540685859,0.1037737771816587
76248,Construction Industries,QCEW Employees,685.8855719388885,746.3665947863285,60068549.326473504,Construction Industries,60.481022847440045,0.08817946509134145
76249,Construction Industries,QCEW Employees,647.4215191012189,715.002627480528,52315364.822594516,Construction Industries,67.58110837930906,0.10438502024635876
76258,Construction Industries,QCEW Employees,253.21547895347015,286.5658178278971,21932055.76782813,Construction Industries,33.35033887442694,0.1317073466924794
76259,Construction Industries,QCEW Employees,401.7508077621509,441.57055607801976,36181020.91180147,Construction Industries,39.81974831586888,0.09911554014707402
76262,Construction Industries,QCEW Employees,727.2597433146319,803.1737187931146,70817721.93175478,Construction Industries,75.91397547848271,0.10438357983695012
76266,Construction Industries,QCEW Employees,609.7613256157018,673.3996897153421,59452660.75977532,Construction Industries,63.638364099640285,0.10436602228811731
76426,Construction Industries,QCEW Employees,629.2345207771792,708.3458624921345,48760306.900539175,Construction Industries,79.1113417149553,0.1257263215903086
76431,Construction Industries,QCEW Employees,220.03005688750585,247.6093425314516,16826630.992132384,Construction Industries,27.579285643945752,0.12534326461609813
76462,Construction Industries,QCEW Employees,41.48281483302057,45.25589962410256,3039199.4165175073,Construction Industries,3.773084791081992,0.09095537046532809
76476,Construction Industries,QCEW Employees,171.46810737829622,186.27403505630326,12984327.785085287,Construction Industries,14.805927678007038,0.0863479973295671
76487,Construction Industries,QCEW Employees,79.94442033902456,88.97512111724751,6650869.1279364815,Construction Industries,9.03070077822295,0.11296223976515152
76623,Construction Industries,QCEW Employees,3.1402447583807014,3.516164628443492,523328.16604949307,Construction Industries,0.3759198700627908,0.11971037259421702
76651,Construction Industries,QCEW Employees,128.3257072904352,145.2664829188217,11392180.754060214,Construction Industries,16.94077562838652,0.13201388861270824
76670,Construction Industries,QCEW Employees,2.5510007024246177,2.8868941072035152,324595.1899982535,Construction Industries,0.3358934047788975,0.1316712317874491
