Area,Occupation,ClassOfWorker,Earnings.Percentile10.2024,Earnings.Percentile50.2024,Earnings.Percentile90.2024,Jobs.2026,Jobs.2031,Openings.2026,Replacements.2026,Occupation_Group,Growth_2026_2031,GrowthRate_2026_2031
75001,Construction Occupations,QCEW Employees,18.16972147094137,26.114214955720268,46.52223822513378,927.821144731058,959.451796435822,89.30400462266009,73.34384622324902,Construction Occupations,31.630651704763977,0.03409132448035823
75002,Construction Occupations,QCEW Employees,17.97477306231403,25.080689272838747,46.48242128857577,785.5559548152671,891.2262279466836,88.09277477414183,60.05562662179821,Construction Occupations,105.67027313141648,0.13451654523612655
75006,Construction Occupations,QCEW Employees,18.434760274301002,27.60886442622819,48.14484719551873,3670.6428479797337,3910.4861564520484,352.3323181849855,286.7396318413961,Construction Occupations,239.84330847231467,0.06534095481512758
75007,Construction Occupations,QCEW Employees,17.49067700154701,24.521707609720302,41.19534684630261,348.3690925081989,375.515214692222,35.15005817549026,27.245373181703204,Construction Occupations,27.146122184023113,0.07792345178665427
75009,Construction Occupations,QCEW Employees,18.015690677114222,24.97932965816073,45.54615302521576,387.16174329236856,439.5163783471002,44.38267074214382,29.867297275411175,Construction Occupations,52.35463505473166,0.13522677785649817
75010,Construction Occupations,QCEW Employees,17.410314504045324,23.98716521061417,39.664862089676475,426.22652183964703,444.3777742797197,38.42753692572742,32.83800811483161,Construction Occupations,18.151252440072653,0.04258592910110237
75011,Construction Occupations,QCEW Employees,19.979498594563744,29.77545886688193,52.08669050509948,7.906182131680077,2.4051925686546523,0.7951979827089404,0.7075692163430464,Construction Occupations,-5.500989563025424,-0.6957833087329162
75013,Construction Occupations,QCEW Employees,18.337393703819128,26.61746910935358,49.952691329727244,540.4017451872874,606.8332328844589,62.09419479098356,43.58801644431641,Construction Occupations,66.43148769717152,0.1229298171014388
75014,Construction Occupations,QCEW Employees,19.437659878067983,28.94177071957493,50.88854525389113,13.200106582966715,6.415185304471237,1.3365638199372813,1.1673775138861038,Construction Occupations,-6.784921278495478,-0.5140050374480061
75015,Construction Occupations,QCEW Employees,18.807617488908058,27.229340252521038,45.48991500900114,0.014602493048567656,0.026035905052182735,0.012840407899212682,0.001174799918619293,Construction Occupations,0.01143341200361508,0.7829767126467881
75016,Construction Occupations,QCEW Employees,20.096942974577946,29.821105287917376,51.87866079450244,9.72546776803305,6.262299791388359,0.9385120629189148,0.8844996868457888,Construction Occupations,-3.4631679766446917,-0.3560926897550253
75017,Construction Occupations,QCEW Employees,17.99228996031429,25.218221342240955,47.45194331560925,0.03408803773334338,10.262321939303364,0.036022241547792516,0.0026148701413701548,Construction Occupations,10.22823390157002,300.0534668959611
75019,Construction Occupations,QCEW Employees,18.011021714326507,25.878312544958334,51.986493790301026,920.8495479188027,971.6767613881703,88.28226616870451,70.87245930802412,Construction Occupations,50.82721346936762,0.05519600197908692
75022,Construction Occupations,QCEW Employees,17.49046055730731,24.426688194636505,44.40084250810071,211.94218390306605,241.623189610641,24.57430412443757,16.25536272342142,Construction Occupations,29.68100570757494,0.14004293605443774
75023,Construction Occupations,QCEW Employees,18.144236008288697,25.60333270919874,47.032030694947004,279.987629459945,311.4536443198225,31.5571318090755,22.129008333356747,Construction Occupations,31.466014859877475,0.11238358966276762
75024,Construction Occupations,QCEW Employees,18.213809422941655,26.491105466842306,50.70774025123631,1527.311167794715,1699.9637233486374,168.45416621146452,120.36683889047903,Construction Occupations,172.6525555539224,0.11304347090135902
75025,Construction Occupations,QCEW Employees,17.993523118860196,24.91902642720665,42.08303499322669,242.6081311874679,271.3357684094183,26.883804048794925,18.723246298309878,Construction Occupations,28.727637221950374,0.11841168340624164
75026,Construction Occupations,QCEW Employees,22.440185359038583,38.457339116786144,68.34904516874049,0.16440091234783877,0.17886051551810983,0.01666619154927462,0.013396350746358386,Construction Occupations,0.014459603170271063,0.08795330247120225
75027,Construction Occupations,QCEW Employees,17.41422099706055,24.15852094106213,45.912940341344594,34.18453115264843,39.463564720012045,4.373376828552103,2.560443242553168,Construction Occupations,5.279033567363612,0.1544275550771923
75028,Construction Occupations,QCEW Employees,17.346247393399867,24.301674965852055,43.841258522441564,468.8539496800124,525.6237506760157,52.160871044138474,36.26383814431139,Construction Occupations,56.769800996003255,0.12108205771700975
75029,Construction Occupations,QCEW Employees,17.423203744955075,24.4385361127433,46.61619962906996,35.668362432793145,45.29829924483456,5.525494499489467,2.6805953101496205,Construction Occupations,9.629936812041414,0.26998539196146965
75030,Construction Occupations,QCEW Employees,19.928715092587336,29.659170716392214,51.73536467514713,13.562111955829574,22.46736406658983,6.9218667224746415,1.2371478920863068,Construction Occupations,8.905252110760257,0.6566272376871509
75032,Construction Occupations,QCEW Employees,17.11693905681254,24.515746089770833,42.82458076623932,722.5892487404476,848.4964637476285,91.87777106327408,57.05971815317636,Construction Occupations,125.90721500718087,0.1742445175134435
75033,Construction Occupations,QCEW Employees,17.39463477235979,24.39548375328413,41.706339738360974,1075.3678633118532,1208.9617667117086,121.24325100193113,83.54653364425218,Construction Occupations,133.59390339985544,0.12423088689708561
75034,Construction Occupations,QCEW Employees,17.511655959464324,24.644464814475494,44.158509453609305,793.7062340863538,893.5420472206658,90.06648488118593,61.7490875965185,Construction Occupations,99.83581313431205,0.12578433789074928
75035,Construction Occupations,QCEW Employees,18.007862436932356,25.202092370467703,46.1799705265907,265.4372111269474,291.3747853949711,28.17414291507096,20.353936684711705,Construction Occupations,25.937574268023752,0.09771642098672784
75036,Construction Occupations,QCEW Employees,17.468128004758093,24.48951856277333,44.1433145596409,168.9123300454568,186.09059407460748,17.92017956086416,13.123148723798215,Construction Occupations,17.178264029150682,0.10169928994838773
75038,Construction Occupations,QCEW Employees,18.36637521530971,26.873860903264855,45.966201449284725,1072.9453819833398,1132.9611238654004,103.17490459289041,85.49316381741272,Construction Occupations,60.01574188206064,0.05593550509637457
75039,Construction Occupations,QCEW Employees,18.829540207125657,28.665063108376046,48.86608696335747,562.5694992257951,594.007022726251,57.185829386805956,45.95468445579839,Construction Occupations,31.43752350045588,0.055882026209597147
75040,Construction Occupations,QCEW Employees,18.369292692475813,26.87381617348607,44.33062497923666,537.8278509242301,580.0892851758096,80.02967472613838,42.89750350593734,Construction Occupations,42.26143425157943,0.07857799513163055
75041,Construction Occupations,QCEW Employees,18.33569204539656,27.008168879068204,44.432544035786854,1202.9358487838904,1272.0400868131765,126.44151191347663,95.8201300093691,Construction Occupations,69.10423802928608,0.05744632026649388
75042,Construction Occupations,QCEW Employees,18.26525704769986,26.551159916793612,49.59129888292403,992.5051526941079,1061.1569662779546,105.35794253069753,76.75688330400334,Construction Occupations,68.65181358384666,0.06917023392522914
75043,Construction Occupations,QCEW Employees,18.313091354001195,26.58347320322074,47.49824847080642,380.8224256205174,401.4794812384025,41.800686864908165,30.13157156577796,Construction Occupations,20.657055617885135,0.05424327515436156
75044,Construction Occupations,QCEW Employees,18.771333638120367,27.254783399573586,47.10285411831759,217.0676650133602,222.25729713726113,24.68258993719826,17.567939877936237,Construction Occupations,5.189632123900935,0.023907900440084173
75045,Construction Occupations,QCEW Employees,17.86209335979209,25.413232782084588,52.285621089852704,360.7959390637716,345.8586588222546,31.797042520160733,27.189345436072657,Construction Occupations,-14.937280241516987,-0.04140091011078917
75046,Construction Occupations,QCEW Employees,19.805234316083098,29.50214124272867,51.74841814431258,6.811111071285942,8.889537848253898,3.128762069489135,0.6105742395249794,Construction Occupations,2.078426776967956,0.3051523833945564
75047,Construction Occupations,QCEW Employees,18.013276246281038,25.478073961070837,44.01738556269886,2.9135452931821626,4.970252659252092,2.3429847633861614,0.226739107326542,Construction Occupations,2.0567073660699298,0.7059122680820253
75048,Construction Occupations,QCEW Employees,18.289294891224326,26.224705081050182,47.19217358475183,307.13175559293705,334.00088917443344,37.57897674596724,24.426641658472022,Construction Occupations,26.869133581496385,0.08748406210755988
75049,Construction Occupations,QCEW Employees,17.979593643898234,26.017619708593536,53.687707770773024,165.8277697365829,172.09701530625955,17.491921120804346,12.58052041046937,Construction Occupations,6.269245569676656,0.03780576425550031
75050,Construction Occupations,QCEW Employees,18.110840233591134,25.54622170239854,45.08391255603178,3662.047170280406,3978.3365716379394,422.0639237058367,283.9281836392429,Construction Occupations,316.2894013575333,0.08636955960709658
75051,Construction Occupations,QCEW Employees,18.360164417102833,26.689044987952165,44.23093832069508,722.4468902806818,769.9194014099024,72.96883745449121,56.890273449989344,Construction Occupations,47.47251112922061,0.06571072803812172
75052,Construction Occupations,QCEW Employees,18.567561743274425,27.139240652888855,46.60030180138529,527.609256753383,551.2036543370531,52.86044714774389,42.878664976636124,Construction Occupations,23.594397583670116,0.044719453424409306
75053,Construction Occupations,QCEW Employees,17.989396849074925,25.41500050911339,50.931093079759194,120.47143137972311,117.21140934672876,11.969183342979395,9.19926889267279,Construction Occupations,-3.2600220329943568,-0.027060540375907438
75054,Construction Occupations,QCEW Employees,18.259996151259685,26.012261632631635,48.93955588572898,246.4868877542764,259.09275590692977,24.70129100364633,19.37869810078593,Construction Occupations,12.605868152653358,0.0511421449940177
75056,Construction Occupations,QCEW Employees,17.438545759661945,24.562977543391963,42.550970066935164,867.0095668216976,964.7351456460217,94.8296355263752,67.30723285487393,Construction Occupations,97.72557882432409,0.11271568684365119
75057,Construction Occupations,QCEW Employees,17.417521873112417,24.234048899432317,40.86930204107989,2057.850087231604,2285.3117290600135,222.3318439108975,157.89590390129777,Construction Occupations,227.46164182840948,0.11053363082167489
75060,Construction Occupations,QCEW Employees,18.171412846799967,25.712037786385366,45.058745439275434,1035.537984662182,1102.8484963437045,99.882953950922,81.51959282502334,Construction Occupations,67.31051168152248,0.06500052405463497
75061,Construction Occupations,QCEW Employees,18.14293299641832,25.790508228926825,44.749991124016134,2933.0398170018225,3152.141235491618,293.6566766206007,228.11364402170778,Construction Occupations,219.10141848979538,0.07470114016855134
75062,Construction Occupations,QCEW Employees,18.18041808760366,25.90947138611779,45.03074024054544,1110.630145783839,1180.4196820981595,107.30769956704846,87.61658126275539,Construction Occupations,69.78953631432046,0.06283778319835331
75063,Construction Occupations,QCEW Employees,18.44117846170419,27.921899169649336,54.34711878506303,1378.6784001197925,1499.9678662939393,146.38245632751318,106.95166423276822,Construction Occupations,121.28946617414681,0.08797516967235297
75064,Construction Occupations,QCEW Employees,18.581638493163954,26.861601372014373,42.273005842868926,0.8257625747431949,1.1445716501341288,0.3805657621407476,0.06656978345693851,Construction Occupations,0.31880907539093384,0.38607837790430355
75065,Construction Occupations,QCEW Employees,17.590767845175947,24.644500860254386,44.797666713570564,199.59150178823018,209.88870348425704,18.21087443886633,15.40160216794533,Construction Occupations,10.29720169602686,0.05159138341948233
75067,Construction Occupations,QCEW Employees,17.468726420328046,24.52842234515924,44.787506275728674,757.5196275872261,841.5389938504009,81.875573787,58.30192235175514,Construction Occupations,84.01936626317479,0.1109137812452261
75068,Construction Occupations,QCEW Employees,17.650215208318443,24.58560962310064,42.82251867994176,356.7731430481785,393.56041191712694,38.5570774443822,28.072448263675717,Construction Occupations,36.787268868948445,0.10311109338177027
75069,Construction Occupations,QCEW Employees,18.060100744578993,25.385080570956973,45.145285779909244,921.3569888399655,1030.8124151072116,102.03730760506647,71.58323321820104,Construction Occupations,109.45542626724603,0.11879806371801216
75070,Construction Occupations,QCEW Employees,18.434472329188022,26.748992126246577,46.812624240836385,562.9007834976584,622.3360913153523,62.600049992686145,45.04790270225632,Construction Occupations,59.43530781769391,0.10558753791100584
75071,Construction Occupations,QCEW Employees,18.014867706721162,25.380935447148378,46.73577163030846,1841.4217345642965,2028.800451604555,197.65326380963822,143.79087850469304,Construction Occupations,187.3787170402586,0.10175763298709772
75072,Construction Occupations,QCEW Employees,18.145966351510594,26.068692062688328,46.719299320171665,231.15645312470588,256.87341472006864,25.58170591741898,18.282426717823768,Construction Occupations,25.71696159536276,0.11125348761727527
75074,Construction Occupations,QCEW Employees,18.2336277631706,26.3371917478636,43.84750467469983,2597.1746675937993,2923.250285412433,297.5348888973685,206.373463298329,Construction Occupations,326.0756178186339,0.12555013025778994
75075,Construction Occupations,QCEW Employees,18.198933116334587,26.450912512283335,50.45207984022511,729.4135099347506,814.045202528182,76.0639553631032,56.86426006702299,Construction Occupations,84.63169259343147,0.11602704287860277
75077,Construction Occupations,QCEW Employees,17.661119041902463,25.159617436481014,42.07089984041845,163.47229708553516,180.49280041157184,17.70503160874478,12.734117755172871,Construction Occupations,17.020503326036675,0.10411857929133328
75078,Construction Occupations,QCEW Employees,17.900119733129085,24.742563730975895,45.81007067340291,1004.7057209428921,1131.2994747920084,113.79111066949424,77.06809468514669,Construction Occupations,126.5937538491163,0.12600082910875754
75080,Construction Occupations,QCEW Employees,18.151202361299667,25.541373455176643,45.7269098490559,762.0405369014876,809.3836003525673,74.77955758338193,60.03254651566076,Construction Occupations,47.34306345107973,0.06212669951073746
75081,Construction Occupations,QCEW Employees,18.2843628597854,26.689972360583113,46.089197742470965,2418.154205867796,2572.1904204961957,236.4189731024312,190.81663301443746,Construction Occupations,154.03621462839965,0.06369991386596507
75082,Construction Occupations,QCEW Employees,18.2177270543253,25.53859781674101,45.84235728975959,371.87779519605044,395.6296649315431,38.91955134574654,29.480571091299847,Construction Occupations,23.751869735492676,0.06387009399948429
75083,Construction Occupations,QCEW Employees,19.183055517984254,30.546847421947454,60.69589527945485,0.3863812046866101,0.42633238890935693,0.09629410920447334,0.030438583391580943,Construction Occupations,0.03995118422274685,0.10339836342492603
75085,Construction Occupations,QCEW Employees,19.27160816101129,33.53000621089391,65.36513817877992,0.1797213131797216,0.2549348380579902,0.07679022484980716,0.014050246510194339,Construction Occupations,0.07521352487826863,0.4185008641855126
75086,Construction Occupations,QCEW Employees,18.026224578463832,25.703789656449068,49.765409018461625,16.59464596024866,13.772250457950447,1.634463717180162,1.321403658360575,Construction Occupations,-2.822395502298212,-0.1700786813445172
75087,Construction Occupations,QCEW Employees,17.099244933155905,24.52529591843181,43.25605905050802,693.0935054503985,797.6910391638236,84.54611241789082,54.891179909719796,Construction Occupations,104.59753371342504,0.15091402947925991
75088,Construction Occupations,QCEW Employees,18.47914470349126,27.17042339835533,44.49887248858075,814.4441921605375,873.6343910804593,83.48267174939939,65.12302551450425,Construction Occupations,59.19019891992184,0.07267557370984945
75089,Construction Occupations,QCEW Employees,18.27173558238609,26.24850788286662,48.34347463148427,108.48855509366344,121.91279394396733,17.829292185294292,8.445918820895036,Construction Occupations,13.424238850303894,0.1237387560255927
75093,Construction Occupations,QCEW Employees,18.219328842738218,26.427655248424234,51.18154870436757,989.9320632298023,1113.7259937049837,113.19631223957255,77.15466643149487,Construction Occupations,123.79393047518136,0.12505295572636066
75094,Construction Occupations,QCEW Employees,18.209244421255875,26.05674126504752,48.23353054304894,134.22061074035452,158.55705264935943,16.679681076883163,10.478281739756573,Construction Occupations,24.336441909004918,0.1813167275485208
75097,Construction Occupations,QCEW Employees,25.036553147907366,42.380880242803784,71.61409761628177,0.7833714138335299,0.9522372598901835,0.12351832435851884,0.06293999773596463,Construction Occupations,0.16886584605665356,0.215562941249396
75098,Construction Occupations,QCEW Employees,18.170693491710757,25.561311791159824,44.05386538986354,1174.5226574450755,1302.3585688840715,131.2067102481193,91.44998046070515,Construction Occupations,127.83591143899594,0.10884073681224327
75099,Construction Occupations,QCEW Employees,18.16911021633573,25.562422796065118,46.87419569494875,2.4427953829672657,2.4657680745600397,0.19465290981861047,0.19465290981861047,Construction Occupations,0.02297269159277393,0.00940426355516899
75101,Construction Occupations,QCEW Employees,17.423062119965397,24.554742979941157,41.06265303866137,0.9539297826046937,1.0607337609777585,0.10564578567899853,0.07870297520599187,Construction Occupations,0.10680397837306477,0.11196209649879862
75104,Construction Occupations,QCEW Employees,18.610620795652935,27.95794403086079,47.46391000955284,725.8768178219678,769.698676377001,63.95788758218118,57.790662976356266,Construction Occupations,43.821858555033145,0.06037092999680427
75106,Construction Occupations,QCEW Employees,19.544106642149114,28.994170738066437,51.842075872934934,1.022350937602059,8.244430993409752,1.0044529598226175,0.0804489764082644,Construction Occupations,7.222080055807693,7.0641888124514285
75114,Construction Occupations,QCEW Employees,16.48682922826606,23.21116010980067,38.27081328227061,119.54862470065137,133.3885074929194,13.447387364846918,9.40146800067757,Construction Occupations,13.839882792268014,0.11576781269481717
75115,Construction Occupations,QCEW Employees,18.310647053663814,26.38054960047518,49.39809296877406,734.0992373872033,780.8202243274903,74.55902253506216,58.30254958415298,Construction Occupations,46.72098694028705,0.06364396604820866
75116,Construction Occupations,QCEW Employees,18.579272882657275,27.49682009754362,47.24709794124104,192.69839476999948,197.64696848695033,19.11789850058452,15.395324277432989,Construction Occupations,4.948573716950847,0.025680409651867464
75118,Construction Occupations,QCEW Employees,17.261134628312103,24.627854632340917,41.98165932769333,0.0009029332354793561,0.0009050712426772297,7.670550179311482e-05,7.608397497145548e-05,Construction Occupations,2.138007197873535e-06,0.0023678463853846754
75119,Construction Occupations,QCEW Employees,16.333983857209184,23.3563686497558,38.53280089683615,538.7239607964071,615.3807587953766,63.96761670742222,42.248252474612386,Construction Occupations,76.65679799896941,0.1422932774061989
75120,Construction Occupations,QCEW Employees,17.178146682094084,24.79962677605218,40.96119018959727,0.9427867549314966,0.9318575432711738,0.08957595045894555,0.07832667642204884,Construction Occupations,-0.01092921166032279,-0.01159245354599503
75121,Construction Occupations,QCEW Employees,17.84703128474813,25.117467499970957,39.92819810510719,6.052002030012008e-06,5.2809785450197176e-06,0.0,0.0,Construction Occupations,-7.710234849922906e-07,-0.12739973998170662
75123,Construction Occupations,QCEW Employees,18.070724036382725,25.371365115133383,45.863312191559395,65.83661927226795,75.32985357415215,9.788293801713612,5.024390030174249,Construction Occupations,9.4932343018842,0.14419383022425314
75125,Construction Occupations,QCEW Employees,16.38284114226712,23.061967483561308,39.06455785969142,123.7535046852,141.03583608581448,14.485043023573333,9.597609081410742,Construction Occupations,17.28233140061448,0.1396512482177914
75126,Construction Occupations,QCEW Employees,16.186589635874522,23.581314569175184,38.7393038609708,817.2657938056657,893.3316899457235,86.62179726114731,64.94858132266226,Construction Occupations,76.06589614005782,0.09307363249090694
75132,Construction Occupations,QCEW Employees,16.95509719814613,24.039660051341194,40.10934374886962,0.26103273655777615,0.3002521141964189,0.037281366814625856,0.020679221757985786,Construction Occupations,0.03921937763864275,0.1502469696170161
75134,Construction Occupations,QCEW Employees,18.17861838491832,26.129126656585374,48.35256955707528,155.1080508281202,168.38665567938392,17.060807481319753,12.06692751589445,Construction Occupations,13.278604851263708,0.08560874036111854
75135,Construction Occupations,QCEW Employees,16.154185010746144,22.643127120289567,38.37195182252236,113.56295614737971,126.26531917510889,12.501334768586686,8.813939739789848,Construction Occupations,12.702363027729177,0.11185305013761981
75137,Construction Occupations,QCEW Employees,18.527106018800392,27.306556907728506,45.41557566845999,428.16816063290383,457.6306560161119,43.8597040488298,34.53233938815137,Construction Occupations,29.46249538320808,0.06881057045357508
75138,Construction Occupations,QCEW Employees,17.874366087873952,25.040109023272574,48.63198742475032,68.36504255329922,75.0147797553534,9.554245007380208,5.185017776311705,Construction Occupations,6.649737202054183,0.09726809131830594
75141,Construction Occupations,QCEW Employees,18.228075144838076,25.485389346132955,46.028808915326806,110.55847329049129,114.99309957150274,11.682543142019956,8.518037827019834,Construction Occupations,4.434626281011447,0.04011113892066431
75142,Construction Occupations,QCEW Employees,16.211861690398646,23.364962165673063,38.65738067099951,328.7971992154777,365.84590854599037,36.54935048603613,25.967619449706895,Construction Occupations,37.04870933051268,0.11267951618478578
75143,Construction Occupations,QCEW Employees,16.261978596233263,23.044086575030263,38.13695533902203,116.84791324718664,132.85599772006472,14.083996625274313,9.265416575708198,Construction Occupations,16.008084472878082,0.13699931841327517
75146,Construction Occupations,QCEW Employees,18.22014458053219,26.476850841149066,48.25553755389563,422.1465847243973,443.94340950483667,37.66709222676841,32.621675948913555,Construction Occupations,21.79682478043935,0.05163330835583957
75147,Construction Occupations,QCEW Employees,16.31860651571402,23.723333515755453,40.6573731235741,47.45391178334047,54.61138499705777,5.782115711120166,3.7722542182480803,Construction Occupations,7.157473213717296,0.15082999366619232
75149,Construction Occupations,QCEW Employees,18.443227440167313,27.794827608307532,46.419562681277206,1215.6920682233676,1307.872394929372,123.57194238104027,95.47578734123685,Construction Occupations,92.18032670600428,0.07582539124460852
75150,Construction Occupations,QCEW Employees,18.097677235471927,25.634599261721707,45.001632481376255,1483.0599678945184,1592.4471759537105,152.51434291406213,114.83657028255477,Construction Occupations,109.38720805919206,0.07375777812578121
75152,Construction Occupations,QCEW Employees,16.777686527690925,24.24600094569847,41.46217844405675,69.17873759185302,76.24117377608205,7.682891768749604,5.660805551408978,Construction Occupations,7.062436184229028,0.1020896944650338
75154,Construction Occupations,QCEW Employees,16.47500640040101,23.698005147970743,38.36793478919578,714.2591525720953,821.9639983896495,86.22037171254586,55.679522072360484,Construction Occupations,107.7048458175542,0.15079239157062507
75157,Construction Occupations,QCEW Employees,17.339093194017718,24.69864642997721,42.0477037810908,0.7378658145493615,0.8830259691584801,0.10067758831225064,0.06268490320761928,Construction Occupations,0.14516015460911857,0.19672974644823804
75158,Construction Occupations,QCEW Employees,16.26610305588208,23.34489636109462,43.65168437389573,56.777892837111416,64.02375795690224,6.417963005687835,4.381426740614817,Construction Occupations,7.245865119790828,0.12761771805407252
75159,Construction Occupations,QCEW Employees,18.035137403335792,25.134227740321908,43.90348951541229,469.4329762766722,502.92291192747024,47.992560288915755,36.64602309405975,Construction Occupations,33.48993565079803,0.07134125070723596
75160,Construction Occupations,QCEW Employees,16.376044424179693,23.378896240193793,38.52988087533527,375.9006194444599,430.54365100040275,45.2686633506192,29.559550215706636,Construction Occupations,54.643031555942855,0.1453656331737343
75161,Construction Occupations,QCEW Employees,16.577434239807854,24.558454234893247,38.59184536202782,72.40743689055914,80.75228610229111,8.289311078447406,5.870341762231586,Construction Occupations,8.344849211731969,0.11524850996099834
75164,Construction Occupations,QCEW Employees,18.089182959291684,25.61073059132737,42.309729219740596,0.07923973957510425,0.11476747245308817,0.012921698623254152,0.0063643092679644495,Construction Occupations,0.03552773287798393,0.4483575169288685
75165,Construction Occupations,QCEW Employees,16.17231499264817,22.64685549051154,39.23513072680595,790.5774472290221,897.2762034999998,91.17789950005934,61.129909285019544,Construction Occupations,106.6987562709777,0.1349630661043486
75166,Construction Occupations,QCEW Employees,18.54226221597095,27.453899459998492,51.42833280301572,45.45427066977547,50.33908623421131,4.629348140044251,3.5848942390094196,Construction Occupations,4.88481556443584,0.1074665920816098
75167,Construction Occupations,QCEW Employees,16.460458124187745,23.620766857955143,37.796531411315264,152.82028001027214,172.958671713301,17.726298253783668,11.993206275526115,Construction Occupations,20.138391703028844,0.13177826726711395
75168,Construction Occupations,QCEW Employees,16.12601507422034,22.814586140088224,42.01628600051491,4.1801537047169735,4.5146858342805345,0.4192183184562913,0.3224847615066616,Construction Occupations,0.33453212956356104,0.08002866717223056
75172,Construction Occupations,QCEW Employees,17.966044881184207,25.034878026829123,46.079286204791956,102.93060582040681,107.50109491125589,9.828926406749048,7.884698299911466,Construction Occupations,4.57048909084908,0.044403596524280387
75173,Construction Occupations,QCEW Employees,17.96913573022602,24.97072921381859,43.03742392070929,306.5606320717067,347.42116506043624,38.37531112848643,23.271020161220395,Construction Occupations,40.86053298872952,0.1332869544031079
75180,Construction Occupations,QCEW Employees,18.319222289908474,27.042905145164383,43.92341458820011,990.7313520480686,1059.6865023959595,97.65000254752975,79.17332166195348,Construction Occupations,68.95515034789082,0.06960025056776975
75181,Construction Occupations,QCEW Employees,18.480678211565124,27.24112068693043,45.87352273542739,358.8354133879503,383.9232886383962,37.09369863458994,28.339239360044758,Construction Occupations,25.087875250445848,0.06991471386165116
75182,Construction Occupations,QCEW Employees,18.662148420731427,28.058294618208045,44.27521600857957,547.3187704189515,594.1617057691063,61.45407590866185,44.20271200988435,Construction Occupations,46.84293535015479,0.08558620292576169
75185,Construction Occupations,QCEW Employees,18.893626252508327,27.413328163493503,48.17910698303215,4.1870103516491115,3.9827585629535696,0.5860002091690628,0.34499236406006417,Construction Occupations,-0.20425178869554195,-0.04878225070905173
75187,Construction Occupations,QCEW Employees,18.33362713583275,26.226974570643357,49.15223281121325,2.832304769302382,2.9249283175771765,0.47876776428024626,0.22452666809946603,Construction Occupations,0.09262354827479458,0.03270253585655203
75189,Construction Occupations,QCEW Employees,17.090778239209435,24.102017662366467,41.35240828237454,642.8145437065095,712.9417118164974,72.42073617781791,50.19541869234056,Construction Occupations,70.1271681099879,0.1090939350961635
75201,Construction Occupations,QCEW Employees,18.38975164217062,27.08716337238263,50.62195667224275,2207.2098540278366,2357.522030070802,218.89033668150017,176.0706318969454,Construction Occupations,150.31217604296535,0.06810053686950868
75202,Construction Occupations,QCEW Employees,18.526627906906253,27.53575940149738,51.27702292571916,809.1867241198454,855.8959479676811,79.81595306498205,65.39321482160322,Construction Occupations,46.70922384783569,0.05772366557130737
75203,Construction Occupations,QCEW Employees,18.170880436874818,25.212441476209506,43.21929470910208,15.921460951057785,16.398091929477108,1.6966607584562097,1.2556290023439085,Construction Occupations,0.47663097841932256,0.029936384599659194
75204,Construction Occupations,QCEW Employees,18.458485730418097,27.039989872575674,46.052669981675606,755.3691946391834,813.4433617670508,73.07062347031123,60.81678501741101,Construction Occupations,58.07416712786733,0.07688183148057504
75205,Construction Occupations,QCEW Employees,18.190624725666762,26.526340901821257,49.47133160041023,548.7137625945115,588.4918719724121,54.948809545797026,42.714821441443654,Construction Occupations,39.77810937790059,0.07249336920185079
75206,Construction Occupations,QCEW Employees,18.48662869889197,27.721950207494057,47.544690280649405,895.462876079672,957.9998438093288,88.68840648199989,71.37146064054791,Construction Occupations,62.536967729656794,0.06983758835814946
75207,Construction Occupations,QCEW Employees,18.33896862843804,27.093368379845693,47.220302358951265,534.1555568955192,575.3121206577875,50.54748906974204,42.68237067146205,Construction Occupations,41.15656376226832,0.07704977179581896
75208,Construction Occupations,QCEW Employees,18.015521446874466,25.242842728002124,46.198140612963236,524.0620455410467,546.9066494603284,44.77868628155052,40.66420622473246,Construction Occupations,22.844603919281667,0.043591410814146414
75209,Construction Occupations,QCEW Employees,17.972628302792472,25.70986678464721,51.135837124297865,98.59239665151705,105.12230210417557,9.369915432139003,7.560929619333251,Construction Occupations,6.529905452658525,0.06623132893035377
75210,Construction Occupations,QCEW Employees,18.357941389933632,26.63230895085487,50.77784023068204,49.49396574645115,52.00601766159225,5.200312405179477,3.9290919509408884,Construction Occupations,2.5120519151411003,0.05075471074615234
75211,Construction Occupations,QCEW Employees,18.11993743034957,26.069714524604315,47.5911809995864,497.2202220183931,509.77099914014906,41.376327401396395,38.55014819050786,Construction Occupations,12.55077712175597,0.02524188793208748
75212,Construction Occupations,QCEW Employees,18.311148777153015,26.557394859338213,50.14293305836444,475.6337851465413,508.1094117483196,47.15704872222847,36.64406388322214,Construction Occupations,32.47562660177829,0.06827863708582571
75214,Construction Occupations,QCEW Employees,18.585057751687103,27.694358408766615,49.413267862685245,245.62621190271946,258.1453339855999,23.287121212167797,19.71223360314706,Construction Occupations,12.519122082880443,0.05096818448610296
75215,Construction Occupations,QCEW Employees,18.60959871583175,27.38447818439355,47.66513407413773,166.08817033294054,178.16882800424622,18.399848106742795,13.35009638553751,Construction Occupations,12.080657671305687,0.07273641251564622
75216,Construction Occupations,QCEW Employees,18.61622600907009,27.55511032438993,47.09330311472195,533.3109565161983,551.8837099020801,47.390729513696854,42.25908851623334,Construction Occupations,18.57275338588181,0.034825373750440924
75217,Construction Occupations,QCEW Employees,18.32424275682885,26.465194285550183,47.207918270309634,623.9123441292488,664.9167119408193,60.72516206079473,49.089921997975736,Construction Occupations,41.00436781157043,0.06572136005546958
75218,Construction Occupations,QCEW Employees,17.917426132186293,24.863102736661595,47.090407416806954,264.05305150144295,278.1688708124969,25.404005320790553,20.28495135213605,Construction Occupations,14.11581931105394,0.05345826996048486
75219,Construction Occupations,QCEW Employees,18.282826752236197,27.163525183871233,53.16572211968598,1120.7713036066152,1186.4468456438162,106.51721490822614,87.63984398704757,Construction Occupations,65.67554203720101,0.05859852213012484
75220,Construction Occupations,QCEW Employees,18.315364935821925,27.24162296594161,46.94366759050757,2441.6166576909773,2624.5724712294186,245.28554085489858,189.8259253603786,Construction Occupations,182.95581353844136,0.07493224334055038
75221,Construction Occupations,QCEW Employees,19.18974135614255,28.384337679472655,50.27142338295103,6.782016628285361,5.825907946036631,0.6188334185069605,0.5942028179092681,Construction Occupations,-0.9561086822487299,-0.14097704777973308
75222,Construction Occupations,QCEW Employees,18.25169069844104,26.28018851877608,51.36307816249211,58.56718679916239,75.14553743752444,26.50035291471493,4.625828553585646,Construction Occupations,16.578350638362046,0.28306551064527397
75223,Construction Occupations,QCEW Employees,18.35758057695679,26.6289094459963,44.58225094584754,115.98940457736273,124.92145194588174,11.803839386876836,9.249789012217981,Construction Occupations,8.932047368519008,0.07700744219754574
75224,Construction Occupations,QCEW Employees,18.893939043914813,27.403461663527505,47.01884022738399,142.09155336557902,145.8179881428661,13.982680170882196,11.808338895354632,Construction Occupations,3.7264347772870963,0.02622558969215838
75225,Construction Occupations,QCEW Employees,18.642465629644683,28.222291722957767,50.323914875235445,521.4502232322824,556.0899183468013,50.58878105004745,41.65473744294208,Construction Occupations,34.63969511451887,0.06642953358002202
75226,Construction Occupations,QCEW Employees,18.12385300642149,25.967391770036123,48.09482527494957,236.99930115699172,246.36620410298562,21.647271054789535,18.86336262727152,Construction Occupations,9.3669029459939,0.03952291378188133
75227,Construction Occupations,QCEW Employees,18.08875698055078,25.68800088308565,43.41729084677148,766.7722860723926,820.4075689530841,79.56681353832343,59.93418874314183,Construction Occupations,53.635282880691534,0.06994942808304327
75228,Construction Occupations,QCEW Employees,18.3868670384744,26.53035223648512,45.12517243200585,806.8796268039574,857.3449670000937,80.4595535724913,64.53847765883842,Construction Occupations,50.46534019613625,0.06254382750501342
75229,Construction Occupations,QCEW Employees,18.13659557104577,25.424363097709456,46.27298134055118,2458.2184708004097,2628.6250833582253,239.73892569925195,188.24239896787478,Construction Occupations,170.4066125578156,0.06932118303640045
75230,Construction Occupations,QCEW Employees,18.151009376284083,25.89291013571417,47.478413884855655,242.66280639717053,255.57017367919843,23.690786158534472,19.066312192256085,Construction Occupations,12.907367282027906,0.053190546477494216
75231,Construction Occupations,QCEW Employees,18.32584161571063,26.88729688653529,49.4924835285141,844.1219953781616,892.1269210679947,81.1626944710878,66.54370582584316,Construction Occupations,48.004925689833044,0.05686965385652232
75232,Construction Occupations,QCEW Employees,18.81338905979445,27.722617787372467,45.706191355568826,118.11959508433061,129.51564329652774,14.391681168680995,9.621566407057115,Construction Occupations,11.39604821219713,0.09647889669839294
75233,Construction Occupations,QCEW Employees,18.616185124750995,26.799671475015316,45.39257453652913,73.50831508162511,73.80542623583787,6.705057353894205,5.953685512120345,Construction Occupations,0.29711115421275736,0.004041871370372707
75234,Construction Occupations,QCEW Employees,18.421867247840275,27.74659281981203,45.633051162815136,3062.2985213857432,3249.1256719384332,289.6131375330327,241.83845851285395,Construction Occupations,186.82715055269,0.06100879755777289
75235,Construction Occupations,QCEW Employees,18.322309748895762,26.680055729514397,47.03434531119042,453.8614561956665,489.48167083251815,48.61584004824625,35.777682739730444,Construction Occupations,35.62021463685164,0.07848257249123014
75236,Construction Occupations,QCEW Employees,18.109835433638395,25.715579144786965,46.396299920955755,158.21363378807249,165.88902828001707,15.192047925287245,12.231477903557973,Construction Occupations,7.675394491944587,0.04851285131486072
75237,Construction Occupations,QCEW Employees,18.511379046632392,26.707938487499465,46.227935613061334,68.26222735892361,72.66751819663608,7.659130013689809,5.42793728914347,Construction Occupations,4.405290837712471,0.06453482413559986
75238,Construction Occupations,QCEW Employees,18.169767786005142,26.493233630905028,45.1584979255235,1113.4899613485497,1183.4812896202338,106.24749671561506,86.2047021550381,Construction Occupations,69.9913282716841,0.06285761946781943
75240,Construction Occupations,QCEW Employees,18.910356363749816,28.80729327505073,52.11911710682803,1313.6503443438794,1364.1329851966373,123.60611169767209,108.93356784325704,Construction Occupations,50.48264085275787,0.03842928300526727
75241,Construction Occupations,QCEW Employees,18.58606749270216,27.108919581588946,43.53106987998972,63.86249186757756,62.331963794812154,5.224991730520193,5.142761980691772,Construction Occupations,-1.5305280727654065,-0.023965993621718362
75242,Construction Occupations,QCEW Employees,19.516955785116533,31.83813207664755,60.677070432731036,0.06260977795531235,0.33325176592776345,0.10525893976079802,0.005157768824572828,Construction Occupations,0.2706419879724511,4.3226792493278205
75243,Construction Occupations,QCEW Employees,18.23728554012792,26.27245533774314,43.95615503393884,1031.148239387324,1049.4548490143557,90.400234807123,81.68977538120502,Construction Occupations,18.30660962703155,0.01775361575354939
75244,Construction Occupations,QCEW Employees,18.291867720890743,26.60986736764695,47.22355432885494,707.358355820808,742.6786536449991,73.08927920160903,55.6110025226557,Construction Occupations,35.32029782419113,0.04993267914847199
75246,Construction Occupations,QCEW Employees,18.425383318699655,27.269028013230052,45.63681493638936,211.4174311591617,218.2644158618308,22.27811868186363,16.842630330513824,Construction Occupations,6.84698470266909,0.03238609354549604
75247,Construction Occupations,QCEW Employees,18.268079931966447,26.279186908466617,47.72615897019836,1295.6438521677787,1429.1383676741007,140.8344046416014,103.3546653110403,Construction Occupations,133.49451550632193,0.10303334151817145
75248,Construction Occupations,QCEW Employees,18.446989906301454,28.002861124864257,51.45972876629472,692.2685657919327,736.7081791890637,67.63523281507791,54.033967004969426,Construction Occupations,44.439613397130984,0.06419418068808813
75249,Construction Occupations,QCEW Employees,18.25389327995428,26.645205352031635,48.77816132296387,12.643169977642062,11.746959051461003,1.0957972631075836,0.9991458314520919,Construction Occupations,-0.8962109261810589,-0.07088498594623827
75250,Construction Occupations,QCEW Employees,18.013276246281038,25.478073961070837,44.0173855626989,0.09836998782455411,0.10709364869675501,0.01631484794697068,0.007655389219194708,Construction Occupations,0.008723660872200903,0.08868213837496675
75251,Construction Occupations,QCEW Employees,18.015945800630224,25.99213896643564,47.84744046758228,653.3262878585364,695.8931414239313,63.02807661867155,51.00975019140658,Construction Occupations,42.56685356539492,0.06515404990807871
75252,Construction Occupations,QCEW Employees,17.94115590018243,25.04974282969323,45.96774382744972,670.8446286526588,755.094923364167,77.83319932214322,51.8816139411049,Construction Occupations,84.25029471150822,0.12558838680831141
75253,Construction Occupations,QCEW Employees,18.013335827404987,24.995670498855468,42.50701562857824,338.77068254348427,364.14411765106746,34.80621673159617,25.65078515080437,Construction Occupations,25.37343510758319,0.07489855650164268
75254,Construction Occupations,QCEW Employees,18.284363238042914,26.867287330360487,47.36874343351598,786.0199729735325,833.1231378361454,76.43336623600321,62.637014222634,Construction Occupations,47.10316486261286,0.05992616788657479
75260,Construction Occupations,QCEW Employees,17.917046857315274,25.494785018208734,50.79575839732194,59.80812780220093,88.3890033727265,20.377880114068834,4.563347301981004,Construction Occupations,28.580875570525578,0.4778761118396655
75261,Construction Occupations,QCEW Employees,18.382304459815845,26.836835039759706,46.9518722808435,118.7051087650695,124.27040272319094,11.822894566190563,9.446375366673884,Construction Occupations,5.565293958121444,0.046883356714964686
75262,Construction Occupations,QCEW Employees,18.013276246281038,25.478073961070844,44.01738556269893,0.05126513977388468,0.08101341071632841,0.02624025043923381,0.003989576567249976,Construction Occupations,0.029748270942443727,0.5802826457443504
75263,Construction Occupations,QCEW Employees,18.013276246281038,25.47807396107084,44.017385562698884,0.05002057443980692,0.07324691261495955,0.019910635478535877,0.0038927214974081954,Construction Occupations,0.023226338175152635,0.4643356945670911
75264,Construction Occupations,QCEW Employees,18.013276246281038,25.47807396107084,44.01738556269889,0.047098928164175775,0.06658509319898312,0.016368418704022794,0.003665351952129223,Construction Occupations,0.019486165034807344,0.41372841791395243
75265,Construction Occupations,QCEW Employees,18.013276246281038,25.47807396107084,44.01738556269889,0.043917147162785414,0.06049479553831323,0.01375283850079271,0.0034177380963734886,Construction Occupations,0.016577648375527818,0.37747552941178775
75266,Construction Occupations,QCEW Employees,18.013276246281038,25.47807396107084,44.01738556269889,0.04069720407164118,0.0548174236111024,0.011598520499067474,0.0031671543749407895,Construction Occupations,0.014120219539461222,0.34695797565367736
75267,Construction Occupations,QCEW Employees,18.013276246281038,25.47807396107084,44.01738556269891,0.03746216404097987,0.04954512798876653,0.009811913322406067,0.0029153957733380545,Construction Occupations,0.012082963947786657,0.3225377993265177
75270,Construction Occupations,QCEW Employees,18.721857744004748,28.954785942276835,56.53371259703758,18.628470712148825,17.248008871324824,1.5326418635233494,1.4984611745755305,Construction Occupations,-1.380461840824001,-0.07410494732257933
75277,Construction Occupations,QCEW Employees,18.013276246281038,25.478073961070844,44.017385562698884,0.021387079234409693,0.04788389934771257,0.02125249343060466,0.0016643939825749902,Construction Occupations,0.026496820113302875,1.2389171902758989
75283,Construction Occupations,QCEW Employees,18.35748592429699,28.289798068646608,57.55287071665666,0.03590935881613945,0.05687447608888707,0.01574500251473194,0.0028144049852605975,Construction Occupations,0.02096511727274762,0.5838343530468402
75284,Construction Occupations,QCEW Employees,18.05042705701788,25.699939659245107,44.94487098906738,0.016510648260099466,0.03244943529571477,0.011519060745654033,0.0012851913474341353,Construction Occupations,0.015938787035615305,0.9653640962198831
75285,Construction Occupations,QCEW Employees,18.10611815565341,25.336570291634516,43.99484824067978,0.025795781910433125,0.05331140131195577,0.02018438373264563,0.0020237313485631887,Construction Occupations,0.027515619401522643,1.0666712680802255
75287,Construction Occupations,QCEW Employees,18.44868553086987,26.341705803866795,48.502499065300064,184.37167658241606,212.0892145500432,22.56038325611184,14.914412315809766,Construction Occupations,27.717537967627152,0.15033511915392883
75301,Construction Occupations,QCEW Employees,18.013276246281038,25.47807396107084,44.01738556269889,0.019686833640367343,0.04229651185848526,0.018287750775101756,0.0015320767781261135,Construction Occupations,0.022609678218117914,1.1484669719439977
75303,Construction Occupations,QCEW Employees,18.086494569845755,25.21715879603794,43.37863088829701,0.022639940832539975,0.04946327139073121,0.021247050858327548,0.001781589175457221,Construction Occupations,0.026823330558191232,1.18477918103207
75312,Construction Occupations,QCEW Employees,18.040701015843965,25.500739095419878,44.34567227040613,0.010827916940650889,0.02669653156880017,0.011058121140252541,0.0008430949260315315,Construction Occupations,0.01586861462814928,1.4655279233417713
75313,Construction Occupations,QCEW Employees,17.941372897782472,25.105768114219195,47.08553106957947,0.12563858239303757,0.2609857202409912,0.10672759944445293,0.009536359329514965,Construction Occupations,0.13534713784795363,1.0772736787537496
75315,Construction Occupations,QCEW Employees,18.013276246281038,25.478073961070844,44.017385562698905,0.019148937836750268,0.04081037124584931,0.016800018405310504,0.0014902164320274181,Construction Occupations,0.021661433409099044,1.1312080906924686
75320,Construction Occupations,QCEW Employees,18.329662155300383,27.096076733682903,50.91009850475935,0.009457572529598427,0.021766981999246208,0.009374789584802257,0.0007369684360672939,Construction Occupations,0.012309409469647781,1.3015400549268055
75326,Construction Occupations,QCEW Employees,18.013276246281038,25.47807396107084,44.017385562698884,0.016608321363570024,0.03551073179420133,0.01501188952307298,0.001292499543075667,Construction Occupations,0.01890241043063131,1.138128894356134
75336,Construction Occupations,QCEW Employees,18.023500805428366,25.522654047765936,43.83297602087784,0.011328280491540702,0.024542165129228348,0.010230820777581013,0.0008828721657231778,Construction Occupations,0.013213884637687646,1.1664510467899345
75339,Construction Occupations,QCEW Employees,17.985398661656262,24.762847772053,42.730909386581004,0.023615956390664716,0.050267468502263546,0.009164564542722752,0.0018484629168509742,Construction Occupations,0.02665151211159883,1.1285383352983347
75342,Construction Occupations,QCEW Employees,18.013276246281038,25.47807396107084,44.017385562698905,0.01521496995750548,0.033104701770123916,0.013191946528141313,0.0011840655829987317,Construction Occupations,0.017889731812618437,1.175798037234606
75354,Construction Occupations,QCEW Employees,18.712589769947016,27.11874806605169,45.92885886175798,0.057828039663909224,0.042539387265862136,0.012413653717530476,0.0047080030740596305,Construction Occupations,-0.015288652398047088,-0.2643813016471457
75355,Construction Occupations,QCEW Employees,18.64134518098163,26.918862349764503,45.31687139777222,0.07369911528249626,0.08460785350194042,0.01236032460241788,0.006015420615316515,Construction Occupations,0.010908738219444158,0.1480172207987822
75356,Construction Occupations,QCEW Employees,18.212046595232643,26.20204977462439,43.90470437303193,0.013065105026867899,0.0294479578902773,0.013640529987522165,0.0010278586590852573,Construction Occupations,0.016382852863409403,1.2539396223542543
75357,Construction Occupations,QCEW Employees,18.551252417632085,26.650814865420596,44.433974779665235,0.08763480441511005,0.09549049364291524,0.011576855543946012,0.007173678258885014,Construction Occupations,0.00785568922780519,0.08964120226245065
75360,Construction Occupations,QCEW Employees,17.986490990962082,25.30401599139325,47.05793534240235,0.13652091832116542,0.2179975057997948,0.08193404874580487,0.01066983595462201,Construction Occupations,0.08147658747862938,0.5968066174808151
75367,Construction Occupations,QCEW Employees,18.20438893151812,25.896797157943844,45.773215538941166,0.11770018819119683,0.18809135305859562,0.06425636597718534,0.00937896527712182,Construction Occupations,0.07039116486739878,0.5980548200403264
75368,Construction Occupations,QCEW Employees,18.013276246281038,25.478073961070837,44.01738556269885,0.014518651230968748,0.031287747254139915,0.01372011168786275,0.0011298763837303536,Construction Occupations,0.016769096023171167,1.1550037091188021
75370,Construction Occupations,QCEW Employees,18.299277908666205,26.045498950155547,44.688854964059715,0.13264026062302395,0.19693649779871877,0.06834400102634172,0.010598268070039465,Construction Occupations,0.06429623717569483,0.4847414870393745
75371,Construction Occupations,QCEW Employees,18.013276246281038,25.47807396107084,44.01738556269887,0.013390903028523374,0.02966349401655384,0.013913866651451164,0.0010421123042393162,Construction Occupations,0.016272590988030466,1.2151974331655553
75372,Construction Occupations,QCEW Employees,18.10724925803216,25.740587315071114,43.78629215593836,0.00979661178548957,0.02354372287472058,0.011586865635776312,0.0007679843611699035,Construction Occupations,0.01374711108923101,1.4032515925141378
75373,Construction Occupations,QCEW Employees,18.013276246281038,25.47807396107084,44.017385562698884,0.012072215264892104,0.026165981103274255,0.012243917685351297,0.0009394888485244324,Construction Occupations,0.014093765838382151,1.1674548149724462
75374,Construction Occupations,QCEW Employees,18.179707915398193,25.92493966477533,46.90844575300072,0.08649122228766085,0.13781966676431465,0.054206448699313986,0.006764747936100699,Construction Occupations,0.0513284444766538,0.5934526431588711
75376,Construction Occupations,QCEW Employees,18.84585013110658,24.56827683828926,45.139660154550725,0.08241831456439612,0.18975243034772887,0.08905710123568737,0.006455867626631756,Construction Occupations,0.10733411578333275,1.3023090359299827
75378,Construction Occupations,QCEW Employees,18.013276246281038,25.47807396107084,44.01738556269892,0.008942984388462315,0.019087313479509864,0.008815071291844888,0.0006959645699760085,Construction Occupations,0.010144329091047549,1.1343337582177973
75379,Construction Occupations,QCEW Employees,18.424928119372147,26.471092934102437,45.15210401753383,0.10215688419219929,0.18284669865878347,0.07303474639413052,0.008031398998944178,Construction Occupations,0.08068981446658419,0.7898617416205973
75380,Construction Occupations,QCEW Employees,18.46722614034797,26.422218548857405,43.72257805384489,0.060572167302874964,0.07499972420243192,0.011612747949088198,0.004952033325084533,Construction Occupations,0.014427556899556958,0.23818789292144382
75381,Construction Occupations,QCEW Employees,18.40104445188316,26.279999701779783,44.11713860902136,0.08274550880361795,0.09879693155778967,0.022030511043173936,0.006633415008023103,Construction Occupations,0.01605142275417172,0.19398542575001843
75382,Construction Occupations,QCEW Employees,18.34428264706008,26.299062886189756,48.354468322791874,0.04562668389637691,0.08795211519477497,0.036879478890943805,0.0034940616067363228,Construction Occupations,0.04232543129839806,0.9276464490499385
75389,Construction Occupations,QCEW Employees,18.013276246281038,25.47807396107084,44.01738556269887,0.010111530466490186,0.017536882073662854,0.0071754965455375404,0.0007869036383412671,Construction Occupations,0.007425351607172668,0.7343449769330599
75390,Construction Occupations,QCEW Employees,18.511012169978873,28.03907334453933,45.72668711898991,73.03035692674807,158.90327282196444,61.850477950210696,5.9328280929932715,Construction Occupations,85.87291589521637,1.1758523374238719
75391,Construction Occupations,QCEW Employees,18.013276246281038,25.478073961070844,44.01738556269892,0.011025861813748448,0.021970785622985056,0.010327164830049501,0.0008580591044886924,Construction Occupations,0.010944923809236607,0.9926592582168119
75392,Construction Occupations,QCEW Employees,18.013276246281038,25.47807396107084,44.01738556269887,0.010286855552605797,0.020862494129019034,0.0102893601641459,0.0008005478585326702,Construction Occupations,0.010575638576413237,1.0280730124313147
75395,Construction Occupations,QCEW Employees,18.02299086325051,25.509034921773967,43.78919228810748,0.00794977097869015,0.016967861140845232,0.008848469399368014,0.0006194542019705131,Construction Occupations,0.009018090162155082,1.1343836427902927
75397,Construction Occupations,QCEW Employees,18.01615583610641,25.478712772753894,43.99741394728202,0.010234180187109197,0.022261275358901274,0.012747822971779857,0.0007956084775291316,Construction Occupations,0.012027095171792077,1.1751889210374862
75398,Construction Occupations,QCEW Employees,18.483944915871806,27.87843326262459,45.49180001587082,0.03247394233370065,0.03708878667837894,0.011250429182001417,0.0026458234017192293,Construction Occupations,0.004614844344678293,0.14210915007658675
75401,Construction Occupations,QCEW Employees,16.159187484246946,23.084349344971866,40.9861960108149,213.9413294225034,244.44765490659725,25.414767592526918,16.947744207443023,Construction Occupations,30.50632548409385,0.14259201607487548
75402,Construction Occupations,QCEW Employees,16.10231873558213,22.814989459796248,39.7249001040841,335.1905995022532,382.8022814144716,39.61264459264359,26.5291319552019,Construction Occupations,47.611681912218444,0.14204360737717647
75403,Construction Occupations,QCEW Employees,16.671353378897344,24.372202254193414,41.34667700864202,0.23047545955775814,0.2642337689355149,0.0279216588378939,0.01858006363325659,Construction Occupations,0.033758309377756784,0.14647246801257308
75404,Construction Occupations,QCEW Employees,16.7291093881885,24.460121536921143,41.354772166177256,0.05939374099828353,0.07866417662284517,0.010251640983162377,0.004815345873564818,Construction Occupations,0.019270435624561634,0.32445229582555757
75407,Construction Occupations,QCEW Employees,18.286949176840743,26.78146961725326,52.13188389213001,286.4960009311087,318.21110273790293,26.242693213111828,22.007995922319243,Construction Occupations,31.715101806794223,0.11069998081551047
75409,Construction Occupations,QCEW Employees,17.964638845170366,25.049238155734624,48.18085350104309,315.6140906866661,351.49677282446146,34.425607563976925,24.240984830387,Construction Occupations,35.88268213779537,0.1136916354391122
75422,Construction Occupations,QCEW Employees,16.057381811809737,22.34613811621841,38.93887436032723,18.583844664597397,21.021209543224717,2.1682150313268984,1.464387726067096,Construction Occupations,2.4373648786273208,0.13115503936978934
75423,Construction Occupations,QCEW Employees,16.180897757476316,23.123179239512073,42.57037999655212,20.871011799899307,24.110146180970215,2.5512047297968654,1.640944420027712,Construction Occupations,3.239134381070908,0.15519776482932834
75424,Construction Occupations,QCEW Employees,18.094491044657904,25.059897148530375,45.82480979384799,77.66566281403341,85.14470881799983,8.277589318325424,6.033220885279965,Construction Occupations,7.479046003966417,0.0962979743297192
75428,Construction Occupations,QCEW Employees,16.147674612768906,23.562625516752057,41.39263141971872,90.27035115538034,99.69485167324851,10.004185378958601,7.06129805108918,Construction Occupations,9.424500517868168,0.10440305590089016
75429,Construction Occupations,QCEW Employees,16.72741813420573,24.453605449368315,41.24186586022801,0.08306364817789258,0.09785270066525144,0.010859796000121063,0.006748624544618909,Construction Occupations,0.014789052487358859,0.1780448223955442
75442,Construction Occupations,QCEW Employees,17.967978398572576,24.965732912258073,44.22271849111538,175.33540133956262,197.7092407104727,20.008512632966735,13.50315054780782,Construction Occupations,22.373839370910076,0.12760594380811807
75453,Construction Occupations,QCEW Employees,16.620778879772732,24.724055785834917,40.60806151149796,38.71998078805531,44.176131959967414,4.645920426302099,3.1112390864389017,Construction Occupations,5.456151171912104,0.1409130650600754
75454,Construction Occupations,QCEW Employees,17.778027304258824,24.900820603907743,49.36198836563733,818.4772459130813,955.0442427780189,106.58231701975595,61.56431308589431,Construction Occupations,136.56699686493755,0.1668549706749458
75458,Construction Occupations,QCEW Employees,16.720662429475222,24.416126420037074,40.61347041083425,0.3004131435047579,0.3735123400367893,0.045884323088814315,0.02464966499433939,Construction Occupations,0.0730991965320314,0.24332888927302765
75474,Construction Occupations,QCEW Employees,16.26301628377987,24.142855004502813,38.354589033582585,208.3045870531309,238.26239080470535,25.098660448608552,16.601133895852495,Construction Occupations,29.95780375157446,0.14381730222740274
75485,Construction Occupations,QCEW Employees,19.226614760930598,27.134060128568056,45.70559247438461,0.8111101036333507,0.8794762865414508,0.07665101766799758,0.06754962232513666,Construction Occupations,0.06836618290810015,0.0842871795109632
75496,Construction Occupations,QCEW Employees,16.09142787375863,22.65052474714794,38.95904844888269,68.50351334926536,77.7217614054071,7.838616500798475,5.21571830572662,Construction Occupations,9.218248056141732,0.1345660624608036
76001,Construction Occupations,QCEW Employees,17.944707024398674,25.1513588109466,42.97438711178357,887.2078526617796,971.3417239816102,93.32920701185984,67.65506317745017,Construction Occupations,84.13387131983063,0.09482994437821324
76002,Construction Occupations,QCEW Employees,17.925247282853967,24.545804906680164,44.10024449332453,145.50195543733113,157.46267307854345,14.553726761628312,11.408644686623312,Construction Occupations,11.960717641212312,0.08220314019328678
76003,Construction Occupations,QCEW Employees,17.713918219846608,24.995981023327083,50.26450043726271,233.951499926422,237.62284361415647,17.715427381403224,17.61518033414669,Construction Occupations,3.6713436877344634,0.015692755502269007
76004,Construction Occupations,QCEW Employees,17.91176251772493,25.115610535587788,45.172145060979496,29.217584621649642,28.446657479580754,2.302198646337387,2.2771978484629907,Construction Occupations,-0.7709271420688886,-0.02638572462617761
76005,Construction Occupations,QCEW Employees,17.80701137035915,24.43959967147544,43.16676138734216,36.18003227808851,38.43991993125407,3.1312498980739814,2.8220918190845032,Construction Occupations,2.2598876531655563,0.06246228957994049
76006,Construction Occupations,QCEW Employees,17.736579456026735,24.39500814620914,40.96116952061241,1194.467384371408,1303.9274283431535,123.9157215960427,93.5295717267873,Construction Occupations,109.46004397174556,0.09163920706746564
76007,Construction Occupations,QCEW Employees,18.224440355573,26.69226514535582,44.793189796052886,0.036674025852228724,0.0452577995405721,0.007583825574875589,0.0027994545852324908,Construction Occupations,0.008583773688343378,0.23405594256082285
76008,Construction Occupations,QCEW Employees,16.423656502204476,24.23626878507598,40.03906476922294,376.14371646738965,419.0562594625362,41.19618513001214,28.988153965292682,Construction Occupations,42.912542995146566,0.11408549742148066
76009,Construction Occupations,QCEW Employees,16.125839814140477,22.482863371883184,40.283059132442865,853.7221047944136,976.97726470506,101.05440356519445,65.92339537295457,Construction Occupations,123.2551599106464,0.1443738650064914
76010,Construction Occupations,QCEW Employees,18.11928283107258,25.96545901799568,42.558936564786286,335.63136662384164,352.6155601032998,32.19874992597208,26.802695779301015,Construction Occupations,16.984193479458156,0.05060371338443215
76011,Construction Occupations,QCEW Employees,17.955075444739304,25.44569092455435,42.382094256104125,1093.6814462715427,1178.6703286953725,109.67060135532469,85.93345030724602,Construction Occupations,84.98888242382986,0.07770899169366419
76012,Construction Occupations,QCEW Employees,17.954735284824995,25.225633899660973,41.97890607881058,120.21290282657657,130.7087055464023,12.345569074988441,9.456731312411387,Construction Occupations,10.495802719825747,0.08731011790778709
76013,Construction Occupations,QCEW Employees,18.191686790846962,26.831030627041144,43.15498232108316,401.22315041791353,431.02031108722474,41.5241838116794,32.51367093693912,Construction Occupations,29.79716066931121,0.07426580604402933
76014,Construction Occupations,QCEW Employees,18.07307832258387,26.46208972069192,42.60217934097794,250.8979131291783,273.6229939732712,26.565641685302893,19.88262123764871,Construction Occupations,22.7250808440929,0.09057500941585173
76015,Construction Occupations,QCEW Employees,17.993071222783342,25.899025175819347,46.16914609115914,298.2218957702515,325.6237027628942,30.743484366696567,22.940219448284118,Construction Occupations,27.40180699264272,0.09188395413378014
76016,Construction Occupations,QCEW Employees,18.28853094852083,26.27383374405093,43.37121469636301,219.32120934086794,239.3677449547256,22.864308950170656,17.910494629586044,Construction Occupations,20.046535613857657,0.09140263120974046
76017,Construction Occupations,QCEW Employees,17.92828697719696,25.28632863824648,42.077256980975164,332.1615722869469,362.80395687903166,33.9618286790635,26.195411450369207,Construction Occupations,30.64238459208474,0.09225144372092942
76018,Construction Occupations,QCEW Employees,18.083562591475857,26.122622047101906,43.81129413176574,95.44145648676593,102.64218681403787,9.638782988386394,7.648853970304329,Construction Occupations,7.200730327271941,0.07544656789966742
76019,Construction Occupations,QCEW Employees,17.799669788384698,25.253245730810743,43.278838394992164,2.7958993567777446,2.4132971477933447,0.2867662393080135,0.22306365370389528,Construction Occupations,-0.3826022089843999,-0.13684405629870255
76020,Construction Occupations,QCEW Employees,18.14118440264215,25.90853166946192,42.07288425961677,394.9283209340284,435.4945077573035,45.921611918063974,31.20814921001454,Construction Occupations,40.566186823275075,0.10271784694329766
76021,Construction Occupations,QCEW Employees,17.868831273624238,25.22759749608312,42.59975722446421,290.2915916247879,315.68783524412095,30.55754219298986,22.921047256544437,Construction Occupations,25.396243619333063,0.0874852884204742
76022,Construction Occupations,QCEW Employees,18.095573377686616,26.090481613710047,45.722111837775245,237.94359567128092,244.27063168170102,21.744115766728836,18.911785973619143,Construction Occupations,6.327036010420102,0.026590486676350444
76023,Construction Occupations,QCEW Employees,16.02411017321324,21.88133641318296,37.83287388889177,191.18778752806335,219.54947987157698,22.365547047779913,14.472864130683478,Construction Occupations,28.361692343513624,0.14834468618635266
76028,Construction Occupations,QCEW Employees,16.030422376803624,22.810680132105663,39.15286290460938,1503.6887959772757,1757.1024221259686,190.32434014400664,118.38037377910285,Construction Occupations,253.41362614869286,0.16852797389103014
76031,Construction Occupations,QCEW Employees,16.347283401636677,22.55800048256129,38.41335915863879,636.3614040918848,730.4925549294913,76.42324032417984,49.34099835755113,Construction Occupations,94.13115083760658,0.147920898772822
76033,Construction Occupations,QCEW Employees,16.180611017065598,22.822891677729174,37.429528008905066,478.7200548700487,556.1700630153597,59.39306593753177,38.00595508915214,Construction Occupations,77.45000814531096,0.1617855933909751
76034,Construction Occupations,QCEW Employees,18.148060832176153,26.22758678609469,45.35219853009358,407.3371932142382,439.862896534346,42.005269058127034,32.61565540130099,Construction Occupations,32.52570332010782,0.07984957883038435
76035,Construction Occupations,QCEW Employees,16.827412158757724,24.10713726419792,42.26306005550574,56.78320773364002,57.13866396369425,5.043978773402665,4.51407586685366,Construction Occupations,0.3554562300542301,0.006259882881601397
76036,Construction Occupations,QCEW Employees,17.88260084433834,25.364759281873354,47.72931454990461,557.8064378424734,606.9642180186983,56.406235274678664,42.85122663025934,Construction Occupations,49.15778017622483,0.08812695021298267
76039,Construction Occupations,QCEW Employees,17.99885210893556,25.182056777672052,43.617053035649676,191.6715442266427,208.39296777735356,20.398192676345758,15.308843929098307,Construction Occupations,16.721423550710853,0.08723998973441005
76040,Construction Occupations,QCEW Employees,17.890281777538483,25.260596276234956,43.125539869388454,1874.8402541720418,2045.0352338101613,193.22286860031986,145.40797468376292,Construction Occupations,170.19497963811955,0.09077838992382858
76041,Construction Occupations,QCEW Employees,17.105796659833008,23.778523431565386,39.6479945945284,9.26739344542118,9.71028294268396,0.8716866504975838,0.7262845918445869,Construction Occupations,0.44288949726278126,0.04779008249418859
76043,Construction Occupations,QCEW Employees,18.044436800606196,25.341378420561497,43.86113110979933,196.77741975139085,220.0725392432584,23.077228579209194,15.559514369221919,Construction Occupations,23.295119491867553,0.11838309253825297
76044,Construction Occupations,QCEW Employees,16.38774906392283,24.031173325522246,39.19836150944043,127.5554799389042,148.06352771048364,16.09671418546025,10.135073590741305,Construction Occupations,20.50804777157944,0.16077747331123882
76048,Construction Occupations,QCEW Employees,16.631097800792272,23.513157231454024,39.537704855180465,366.96026795741733,392.5083831837119,37.67653281732908,28.762876043241576,Construction Occupations,25.548115226294556,0.06962093026719507
76049,Construction Occupations,QCEW Employees,16.648740346603834,23.79244083471313,41.36443800985736,524.4910318857224,546.6264229228053,49.728086795748794,40.71586306591901,Construction Occupations,22.135391037082968,0.042203564391747106
76050,Construction Occupations,QCEW Employees,16.47299954718308,23.539401750952305,40.235747545822235,102.04929534263734,111.71947219323229,10.669857272860167,8.135936486303295,Construction Occupations,9.670176850594956,0.0947598591261869
76051,Construction Occupations,QCEW Employees,17.84488238304491,24.880091786064018,43.1007241447517,1804.9485848947404,1982.129425662475,192.12625915646453,140.96629164941243,Construction Occupations,177.18084076773448,0.09816392680130948
76052,Construction Occupations,QCEW Employees,17.75861326553237,24.661001174691997,45.909775870293174,453.73502452979307,490.60021957972816,47.05054529690582,35.76186000131159,Construction Occupations,36.865195049935096,0.08124829042708037
76053,Construction Occupations,QCEW Employees,17.985644211957016,25.37859330595538,43.0049351997702,943.338335212798,1037.343350222321,101.47662632688426,73.70590243575003,Construction Occupations,94.00501500952305,0.0996514309877139
76054,Construction Occupations,QCEW Employees,18.15233077672359,26.591856301979117,43.981852736176954,426.08371800239604,469.21239473415346,46.14082198490308,34.24213066407976,Construction Occupations,43.12867673175742,0.10122113310022063
76058,Construction Occupations,QCEW Employees,16.118551212340982,22.95785102311958,40.969967345037865,263.6374220912344,302.6744549077116,31.59112485995174,20.336192804873402,Construction Occupations,39.03703281647722,0.14807090930728362
76059,Construction Occupations,QCEW Employees,16.33098943553043,23.581421208676296,38.40238824704343,17.00257665523111,19.67020654255029,2.0765717515298916,1.3226485102152783,Construction Occupations,2.6676298873191797,0.15689562478746066
76060,Construction Occupations,QCEW Employees,17.791765818541048,24.690138361261067,44.524403731996074,697.7697158546958,770.0521955635427,75.60577611449527,54.47103230649408,Construction Occupations,72.28247970884684,0.1035907378415073
76061,Construction Occupations,QCEW Employees,16.529451168837102,22.76641088526357,39.36814395971842,10.32850554451157,11.623392585993,1.156776779438712,0.7999775670581947,Construction Occupations,1.2948870414814309,0.12537022281694155
76063,Construction Occupations,QCEW Employees,17.907245647743224,25.391206842872144,43.43824592155413,1896.6904942206872,2057.6446052771166,196.26292192302714,149.24754313634372,Construction Occupations,160.95411105642938,0.08486050388656707
76064,Construction Occupations,QCEW Employees,16.407133229040852,23.318787191219627,41.72873919009071,27.966577293931422,30.859290952020554,3.066996242398383,2.2160581342939074,Construction Occupations,2.892713658089132,0.10343466873641471
76065,Construction Occupations,QCEW Employees,16.33213921546235,23.353264410301378,39.0228184913884,1111.2735547489901,1277.0989946400998,132.42089181590342,86.65564288348827,Construction Occupations,165.82543989110968,0.1492210798884399
76066,Construction Occupations,QCEW Employees,16.567847308349126,24.474633623430524,37.95428917011468,95.57999041877198,105.28827583991574,10.327966074366122,7.579604810932158,Construction Occupations,9.708285421143756,0.10157236235961209
76070,Construction Occupations,QCEW Employees,18.525716102519702,26.07781726936734,43.37901936195809,16.940385170179052,19.234486888109714,2.0346369480724755,1.3393019255198912,Construction Occupations,2.294101717930662,0.1354220517942577
76071,Construction Occupations,QCEW Employees,16.67205855943771,24.467082313240542,40.46337505536746,38.750088098456054,42.71269538741658,4.413391009707493,3.181653599800609,Construction Occupations,3.962607288960527,0.10226060077314791
76073,Construction Occupations,QCEW Employees,16.033903695893628,22.49780721707138,40.30476257342582,109.37484277246955,122.28719823787999,12.173507080747681,8.54015851982209,Construction Occupations,12.912355465410442,0.11805599110457021
76077,Construction Occupations,QCEW Employees,17.851159118362247,24.885261203459386,40.9247910924654,33.69458259038334,40.12012987268705,4.531358634273733,2.6420674664569073,Construction Occupations,6.425547282303711,0.19069971456294588
76078,Construction Occupations,QCEW Employees,16.104163148557458,22.489935972688734,38.74417752081205,236.5962306102767,265.8631082887589,26.660866834689354,18.440000821710374,Construction Occupations,29.26687767848219,0.12369967857472264
76082,Construction Occupations,QCEW Employees,16.53607764881271,24.360003330362044,42.21852441705082,348.2252496611772,380.7208378560021,35.92310343222074,26.86224990607565,Construction Occupations,32.495588194824904,0.09331772531269089
76084,Construction Occupations,QCEW Employees,15.881315768033017,21.975335826156478,40.298007102288025,346.99372074655355,422.60373363699426,48.77194138422234,27.237028564612135,Construction Occupations,75.61001289044071,0.21790023383641222
76085,Construction Occupations,QCEW Employees,16.758789493144487,25.145842326400142,39.41995816372195,139.19977465719393,158.01124217115935,16.285845232004238,10.940678827164984,Construction Occupations,18.811467513965425,0.1351400716006348
76086,Construction Occupations,QCEW Employees,16.451779705918796,24.225018391060402,39.492085885574056,447.9155581046863,500.54876082914245,50.40174235919519,35.67623300186456,Construction Occupations,52.63320272445617,0.1175069759737053
76087,Construction Occupations,QCEW Employees,16.694242995826333,24.93055105335209,40.370902327024346,553.0519823197602,615.1001338435889,60.93894584521068,43.367832515447965,Construction Occupations,62.048151523828665,0.1121922595116096
76088,Construction Occupations,QCEW Employees,16.382511069226435,23.689063358943596,38.8863270836677,347.335555534283,388.84146588164737,38.93428700251666,27.26884878710666,Construction Occupations,41.50591034736436,0.11949801765476797
76092,Construction Occupations,QCEW Employees,17.74811668591379,24.63126483380947,46.15672485358755,2667.757016362251,2905.162965726234,272.61929420848975,204.89062092286244,Construction Occupations,237.40594936398293,0.08899084433398263
76093,Construction Occupations,QCEW Employees,15.988815609560792,22.269435904777815,40.0837552897816,38.80546829828822,44.676523999271815,4.801602367386986,3.0531389894002796,Construction Occupations,5.871055700983597,0.15129454580612745
76094,Construction Occupations,QCEW Employees,17.88347044685263,25.282568387731853,42.42810216910913,18.178114617860835,18.896011765028916,1.5194573604078974,1.471619927333026,Construction Occupations,0.7178971471680811,0.039492387536313345
76095,Construction Occupations,QCEW Employees,17.785204433986948,25.141382246253514,49.795001127408476,149.31531107654155,174.63030457067643,14.948160551152613,11.32236861369542,Construction Occupations,25.31499349413488,0.16954050667421505
76096,Construction Occupations,QCEW Employees,18.499315787978333,26.488356857735234,44.31639676054155,2.70284781947713,3.9768443408239245,1.1542658616055845,0.21496955118973773,Construction Occupations,1.2739965213467945,0.47135340442261797
76097,Construction Occupations,QCEW Employees,16.106218396986563,22.129631022340273,38.15620908239332,5.336266853508254,5.9197086835141315,0.6416534443253132,0.4074701691863626,Construction Occupations,0.5834418300058779,0.10933520493307092
76098,Construction Occupations,QCEW Employees,16.868415097104112,24.978158125810186,41.19643132327072,0.208722489497429,0.25950313783483026,0.03145081239357938,0.01667897778016863,Construction Occupations,0.05078064833740126,0.24329265360753927
76099,Construction Occupations,QCEW Employees,18.426027471296862,26.4653588707438,41.570530712538634,1.9769984252821895,2.0405225719172435,0.3119319873755353,0.15886368917879637,Construction Occupations,0.06352414663505401,0.032131612156437006
76101,Construction Occupations,QCEW Employees,18.73273279191733,30.247512894970125,57.55838340020133,1.8304783962631037,2.1441072609805976,0.28189519006511987,0.14486052884605344,Construction Occupations,0.31362886471749385,0.17133710256169254
76102,Construction Occupations,QCEW Employees,18.108087396582377,26.208941002746204,46.2070811821505,1032.672330320175,1103.4089256211373,103.72701187772938,83.55055345964709,Construction Occupations,70.73659530096234,0.06849858684509424
76103,Construction Occupations,QCEW Employees,17.90850789140066,25.392921373482842,42.03267294310346,113.91322399792452,123.7582207078345,11.53164744276296,8.817767261764363,Construction Occupations,9.844996709909978,0.08642540667701004
76104,Construction Occupations,QCEW Employees,17.936585716265157,25.477503596901983,42.53962361605962,227.93217814548174,236.17570612470612,22.866421265896395,18.325034162162364,Construction Occupations,8.243527979224382,0.03616658273656648
76105,Construction Occupations,QCEW Employees,17.940689068256866,25.378252572731864,41.97992797470763,106.0540061886572,112.87870480521738,10.813983900791264,8.256101658498142,Construction Occupations,6.824698616560184,0.06435116278794673
76106,Construction Occupations,QCEW Employees,17.929834854342836,25.236339699779226,43.70769304818688,548.9138973885166,595.0109337496282,56.202346031276555,42.860785124161154,Construction Occupations,46.09703636111158,0.08397862867094519
76107,Construction Occupations,QCEW Employees,18.14644724666425,26.625072102696272,45.81631125444656,514.7882560058424,554.6497144857232,52.90728691638409,41.17324414740338,Construction Occupations,39.86145847988075,0.07743272698013604
76108,Construction Occupations,QCEW Employees,18.012607378604663,25.36949559739277,41.451767496763715,304.14404568084746,324.0620506494351,29.85524093057056,24.02421726675665,Construction Occupations,19.91800496858764,0.06548872237166381
76109,Construction Occupations,QCEW Employees,18.284959670252935,27.225797726789942,46.97907441767008,410.22291521963854,407.1916251689715,35.91229267373088,32.698231901949654,Construction Occupations,-3.031290050667053,-0.007389372797577787
76110,Construction Occupations,QCEW Employees,18.1301965908056,25.887463224506668,42.66572992579397,211.1800129185724,229.32770241860158,21.729708559080418,16.441003348879953,Construction Occupations,18.147689500029173,0.08593469263128917
76111,Construction Occupations,QCEW Employees,17.951500088634425,25.536573909660497,42.88704444185752,601.6951449368331,656.3822867106276,62.31691230191247,46.53601512748336,Construction Occupations,54.68714177379445,0.09088845445069293
76112,Construction Occupations,QCEW Employees,18.16830546045657,25.79531233903332,44.06181249278265,281.43853669541306,306.6178094195997,29.520645909824143,22.563249140617067,Construction Occupations,25.17927272418666,0.08946632902457474
76113,Construction Occupations,QCEW Employees,17.843635407723248,24.475777650820273,43.85703358117017,0.0022208700859007854,0.004384877212054376,0.00025850455966230305,0.0001687674451007164,Construction Occupations,0.002164007126153591,0.9743960891237224
76114,Construction Occupations,QCEW Employees,17.931615894454396,25.369980135766177,43.42866575252751,177.87290419494016,193.43051014982984,18.409460453256585,14.045561615592096,Construction Occupations,15.55760595488968,0.08746473233404495
76115,Construction Occupations,QCEW Employees,17.772569512605248,24.405650423146177,41.62106339291539,113.7173293743426,123.89262397873084,11.85939828722421,8.91975634443338,Construction Occupations,10.175294604388242,0.08947883898057873
76116,Construction Occupations,QCEW Employees,18.12106893731557,25.972402046116564,43.14246936960557,1038.0761912777912,1150.153611015832,118.68213655460424,82.35359589651455,Construction Occupations,112.07741973804082,0.10796646785635478
76117,Construction Occupations,QCEW Employees,18.008212941729973,26.237182902465467,49.172512194534214,1417.0392645753388,1511.5077911493051,137.60651007854614,109.19096741045134,Construction Occupations,94.4685265739663,0.06666613193832482
76118,Construction Occupations,QCEW Employees,18.143591942749723,26.883716322935708,43.574124137437884,1066.17149911286,1162.0339376705106,112.83268325335794,85.13301050422592,Construction Occupations,95.86243855765065,0.08991277541879139
76119,Construction Occupations,QCEW Employees,17.798998279326867,24.92799403534783,45.52534983291797,1583.555817454952,1742.64506079834,168.23664673556323,122.72800750226118,Construction Occupations,159.08924334338803,0.10046330011850912
76120,Construction Occupations,QCEW Employees,17.812992066319442,24.892176139310195,43.611105515231976,280.62776274200274,306.6331176933377,31.617657926518223,21.669353225637817,Construction Occupations,26.005354951334937,0.09266850398990334
76121,Construction Occupations,QCEW Employees,17.721669658380613,24.40049693091824,42.569644796171595,4.194688791698497,4.417078812121027,0.524303422828849,0.3334165219763842,Construction Occupations,0.2223900204225302,0.05301704881245328
76122,Construction Occupations,QCEW Employees,17.69482923173019,24.748550795577707,41.859753854884225,1.768056302988932e-05,4.639031829082497e-05,4.197812500209084e-05,1.3637378117470814e-06,Construction Occupations,2.8709755260935653e-05,1.6238032246145826
76123,Construction Occupations,QCEW Employees,18.23396566901783,25.98334605425106,45.14786116282903,89.99731904894104,94.70571458584713,8.75867739217618,7.2855681778750165,Construction Occupations,4.708395536906096,0.05231706440439243
76124,Construction Occupations,QCEW Employees,17.75571980636208,25.024683968690937,49.607299067994575,19.32895012224021,22.755416555195666,2.573162415348516,1.4809162426362685,Construction Occupations,3.426466432955454,0.17727121293633563
76126,Construction Occupations,QCEW Employees,17.90114551554696,25.053100933779657,45.06735741128742,386.30557806186215,423.0628234464035,41.0027363059062,30.32767923050377,Construction Occupations,36.75724538454136,0.09515069797582654
76127,Construction Occupations,QCEW Employees,17.846806367823834,24.937809791607453,42.56172687340873,7.830381664867393,8.516734696095215,0.8345156627437642,0.6402311043027037,Construction Occupations,0.6863530312278217,0.08765256415370981
76129,Construction Occupations,QCEW Employees,18.03320004142904,25.74457718868427,44.65740833052045,2.2897537081941213,2.303146015085729,0.1909078250168335,0.1827982753942121,Construction Occupations,0.013392306891607753,0.005848797992413779
76130,Construction Occupations,QCEW Employees,17.69482923173019,24.748550795577707,41.859753854884204,1.3214604895502783e-05,4.42288972202549e-05,1.784307338437065e-05,1.0192693712768064e-06,Construction Occupations,3.101429232475212e-05,2.3469708379481675
76131,Construction Occupations,QCEW Employees,17.792342058593665,25.270773221475213,47.621560549617655,591.1207948330743,649.2394831298661,61.35918043877962,45.157788129459355,Construction Occupations,58.11868829679179,0.09831947853095557
76132,Construction Occupations,QCEW Employees,17.866661235795814,25.088354349636784,44.493653141055894,195.3068548807112,212.59358678889265,19.942075380209182,15.16435774110363,Construction Occupations,17.28673190818145,0.08851062559345291
76133,Construction Occupations,QCEW Employees,18.196365647406637,25.756537991271173,43.249770625722995,292.1959183881133,316.6889858566777,28.450597761969597,23.484867590158782,Construction Occupations,24.49306746856439,0.0838241259620578
76134,Construction Occupations,QCEW Employees,18.382933151524046,26.362127296022525,43.45850945489497,290.58094932708724,302.419667453975,27.147215323060056,23.696285129017916,Construction Occupations,11.838718126887784,0.040741549486651873
76135,Construction Occupations,QCEW Employees,17.904950356755513,25.019662741597706,43.087105832528536,265.0243567276615,290.16503853696076,27.75761873322208,20.780005309325247,Construction Occupations,25.14068180929928,0.09486177844074084
76136,Construction Occupations,QCEW Employees,17.867066494524675,25.246004093287578,44.79757742161889,4.932428587868294,5.270576280051389,0.5901751995095758,0.4097712211103921,Construction Occupations,0.33814769218309504,0.0685560239057077
76137,Construction Occupations,QCEW Employees,17.940479926645263,25.687930432080144,42.92833666500386,1069.0241228371071,1166.6289106202987,112.19254388720152,84.49827632111496,Construction Occupations,97.60478778319157,0.09130269906740374
76140,Construction Occupations,QCEW Employees,17.813506717799537,24.995681636707253,43.52723762368052,1403.4271612562152,1545.5263980273148,150.9745483781503,110.28192678838445,Construction Occupations,142.09923677109964,0.10125159373708126
76147,Construction Occupations,QCEW Employees,17.368708984949496,23.678157666820752,36.71677950070708,1.194801089328678,0.778658052488497,0.09328096324879634,0.09140374789272197,Construction Occupations,-0.41614303684018106,-0.3482948254374283
76148,Construction Occupations,QCEW Employees,18.027239048198357,25.951647356108012,41.860785081170675,206.38998164696224,222.24875559067712,21.160471316178462,16.6347089634269,Construction Occupations,15.85877394371488,0.07683887472232986
76155,Construction Occupations,QCEW Employees,18.041097267639977,26.61619585849596,49.70714710138555,1030.5603697525148,1127.582225982146,107.51644968234514,79.97422004150246,Construction Occupations,97.02185622963111,0.09414475762631014
76161,Construction Occupations,QCEW Employees,20.40582966303126,35.95073646418137,67.01688867847166,0.018944228750301235,0.013030096335729763,0.00491721329394348,0.0015830467287430417,Construction Occupations,-0.005914132414571472,-0.3121864971397915
76162,Construction Occupations,QCEW Employees,17.37556413640825,23.14354250563919,36.39541103427248,0.1414311715825527,0.3128812368202327,0.053410733590016995,0.011329282596101423,Construction Occupations,0.17145006523768003,1.2122509014047549
76163,Construction Occupations,QCEW Employees,17.927851903313243,24.814155068755728,44.65194877588784,0.04517807627070108,0.09084412581458502,0.003584080132767465,0.003584080132767465,Construction Occupations,0.045666049543883945,1.0108011078262606
76164,Construction Occupations,QCEW Employees,17.869321012910675,25.070911217066275,43.226791242800864,175.56393802225082,195.5323150032243,19.041204772120714,13.771699886256458,Construction Occupations,19.96837698097349,0.11373848870058212
76177,Construction Occupations,QCEW Employees,18.155380999682638,27.254905205669033,52.79933350806873,941.9183301678169,1026.0488093654192,96.81173080307921,72.4743405858657,Construction Occupations,84.13047919760231,0.08931823121290483
76179,Construction Occupations,QCEW Employees,18.222581134745994,27.29897073857694,42.26341895822501,1548.848327878899,1726.146823175592,174.43292563445826,126.51596894760576,Construction Occupations,177.2984952966931,0.11447117971809284
76180,Construction Occupations,QCEW Employees,17.73884199665884,24.675640253743754,44.1128025751133,526.5412757445903,567.4506004859145,52.35170691769992,41.41244432514889,Construction Occupations,40.90932474132421,0.07769443085629657
76181,Construction Occupations,QCEW Employees,17.919557635406967,25.964545239283908,52.30848507806122,8.805347511282802,9.235379046732335,0.7443680525035482,0.6961160498463493,Construction Occupations,0.4300315354495332,0.04883754274303298
76182,Construction Occupations,QCEW Employees,17.959741611543745,24.95786038668533,42.023237895318985,471.35105503949745,509.2819456794956,47.39381729368457,36.615595302809346,Construction Occupations,37.930890639998154,0.08047269701522075
76185,Construction Occupations,QCEW Employees,17.704590594520862,25.008940556908605,50.3844934605648,98.14046482742992,117.32098100522647,11.63463422591776,7.375184784052825,Construction Occupations,19.180516177796548,0.19543942665773528
76190,Construction Occupations,QCEW Employees,17.696574687823254,25.17210271133749,42.73573432556533,1.5127221569757744e-05,2.06823575433159e-05,2.4714688039115154e-05,1.1667933881110015e-06,Construction Occupations,5.555135973558156e-06,0.36722777860700817
76191,Construction Occupations,QCEW Employees,17.55434111728259,24.453830944626045,39.023090369647534,1.0821100810026647e-05,1.9379530915184553e-05,2.4547104743523056e-05,0.0,Construction Occupations,8.558430105157905e-06,0.7909019845030747
76192,Construction Occupations,QCEW Employees,17.401499554242296,24.50294161670148,39.61493747348346,9.107195465072707e-06,1.8968727038634813e-05,2.3586446439696427e-05,0.0,Construction Occupations,9.861531573562106e-06,1.0828285844289143
76193,Construction Occupations,QCEW Employees,17.401499554242296,24.502941616701477,39.614937473483444,8.185114351225344e-06,1.8643960478747603e-05,4.877797329447194e-05,0.0,Construction Occupations,1.0458846127522258e-05,1.2777886390746058
76195,Construction Occupations,QCEW Employees,17.753507013566143,24.838972407655714,41.859483643933864,0.12458060331122146,0.15869588344449884,0.009695162402688041,0.009695162402688041,Construction Occupations,0.03411528013327737,0.27384102522005116
76196,Construction Occupations,QCEW Employees,17.695968584383714,24.986547026731692,50.25444491619339,36.53231920782523,42.191168527951355,3.1676408797546856,2.7433437500339166,Construction Occupations,5.658849320126123,0.1548998104372743
76197,Construction Occupations,QCEW Employees,17.401499554242296,24.50294161670148,39.61493747348344,7.827710342085615e-06,2.2508598129113352e-05,4.939382823845051e-05,0.0,Construction Occupations,1.4680887787027737e-05,1.8755021769387756
76201,Construction Occupations,QCEW Employees,17.58168873566212,25.567605660470253,44.43231518680933,368.8263513717322,409.70433437221527,40.720012434935576,28.94157033452015,Construction Occupations,40.877983000483084,0.1108325987241705
76202,Construction Occupations,QCEW Employees,17.74524823167088,26.43301592882669,48.34340440490308,2.038707892211503,2.64495332585916,0.34226369872262713,0.16803228098570666,Construction Occupations,0.6062454336476573,0.2973674825921375
76203,Construction Occupations,QCEW Employees,17.511182469430373,25.31065372006017,41.313563853172575,62.29818664323472,69.88472161687541,7.020823848714532,5.0021248729093495,Construction Occupations,7.586534973640688,0.12177778170473519
76204,Construction Occupations,QCEW Employees,17.537088473940223,25.43267332071094,41.35560787259334,27.083271333575933,30.55049343096625,3.0911746437474372,2.171293752398181,Construction Occupations,3.467222097390316,0.12802080127934534
76205,Construction Occupations,QCEW Employees,17.52177047786793,24.891914605451067,43.34380859324841,268.13289752126747,302.7589458837676,30.4141579347158,20.889680758277333,Construction Occupations,34.626048362500114,0.12913763541362422
76206,Construction Occupations,QCEW Employees,17.33170178633207,24.13218936021315,46.5923066993352,5.0838649838209236,6.398397987520412,0.8672589807692735,0.3839283202509538,Construction Occupations,1.3145330036994887,0.25856961345018137
76207,Construction Occupations,QCEW Employees,17.418594505768525,24.204741670955336,41.93428856932947,202.36356035214214,221.74648187604149,21.35801234257819,15.853313991420897,Construction Occupations,19.38292152389934,0.09578266704820892
76208,Construction Occupations,QCEW Employees,17.35268063414141,24.208936495631306,42.35889536583999,354.8606806432955,390.21392260717806,37.781620400974965,27.855443842808935,Construction Occupations,35.35324196388257,0.09962569507501873
76209,Construction Occupations,QCEW Employees,17.748049396559086,24.72689143308474,43.43764938623096,148.13335643484726,161.5675771142164,15.792418089153388,11.963922310774862,Construction Occupations,13.434220679369133,0.09069004444841444
76210,Construction Occupations,QCEW Employees,17.609450874549065,25.803355885055982,44.409608053753246,186.86519266764358,212.97755834966145,22.554016248462748,14.933740339982112,Construction Occupations,26.112365682017867,0.1397390563177865
76225,Construction Occupations,QCEW Employees,16.171623600120828,23.550355547596467,40.81428618980132,28.12707612762133,31.637976728867855,3.2929426311991787,2.22052830412459,Construction Occupations,3.510900601246526,0.12482280722377515
76226,Construction Occupations,QCEW Employees,17.484818691341317,24.235818249483973,40.26810045226127,490.9241646444269,552.8306311251474,54.999770537424304,37.20575366495642,Construction Occupations,61.906466480720496,0.12610189299921504
76227,Construction Occupations,QCEW Employees,17.673850067990344,24.858189370444546,41.770417305892146,470.61213169792074,524.7527011620653,52.23244371407698,37.11275369605733,Construction Occupations,54.140569464144505,0.11504286825078403
76234,Construction Occupations,QCEW Employees,15.85413649783655,21.757019991645446,38.739372671524144,506.7868052967767,570.947552912835,57.40603588062451,39.18707329637812,Construction Occupations,64.1607476160583,0.12660303493593417
76244,Construction Occupations,QCEW Employees,17.8501699383935,24.816689424144823,43.0362655108851,1447.6612853509134,1583.4814613209712,151.0209864545233,112.09888661436973,Construction Occupations,135.8201759700578,0.09382041044023293
76246,Construction Occupations,QCEW Employees,15.858586473859537,22.288100561963592,37.93799397118102,0.03665248912883385,0.03907116071799837,0.003158975013169612,0.002852384922868599,Construction Occupations,0.00241867158916452,0.06598928603901544
76247,Construction Occupations,QCEW Employees,17.40532549052754,24.40784777330853,40.811209580808764,455.19089424519314,506.8680355828856,49.996777685727075,35.595879235892795,Construction Occupations,51.67714133769249,0.11352850417490146
76248,Construction Occupations,QCEW Employees,18.068441496710335,24.939315996683966,43.357528269459834,441.9766716273019,484.8970804991559,47.317957642547825,34.2511898781978,Construction Occupations,42.920408871853965,0.0971101228348239
76249,Construction Occupations,QCEW Employees,17.25070252074044,24.24021787069833,38.42172698636329,402.0467442835368,452.35989336285775,44.90000876731342,30.971007658679966,Construction Occupations,50.313149079320965,0.1251425357739957
76258,Construction Occupations,QCEW Employees,17.336297036957728,23.97512449410106,40.173052853721835,144.55177432400095,163.75667485413095,16.054305250545642,10.93584232015258,Construction Occupations,19.204900530130004,0.13285828292279422
76259,Construction Occupations,QCEW Employees,17.41365129254679,23.799253592774466,39.18461984786872,238.7787569482843,264.7503296920509,25.626733400741934,18.34340328844805,Construction Occupations,25.971572743766615,0.10876835559283715
76262,Construction Occupations,QCEW Employees,17.38088405495736,24.395084662219006,43.22844063649049,469.92485976129234,520.2194543639624,51.47611443426017,37.23434294727684,Construction Occupations,50.29459460267009,0.10702688644354375
76266,Construction Occupations,QCEW Employees,17.46297744005466,24.82023861269956,43.921163918501236,302.05580720705916,334.89735125327303,32.63622475400212,23.34943678474792,Construction Occupations,32.84154404621387,0.10872674274956418
76267,Construction Occupations,QCEW Employees,16.850925069391206,24.156525949137944,40.863202326733784,0.42531509900573006,0.49602871742994403,0.05599223264051914,0.03561288839817503,Construction Occupations,0.07071361842421398,0.16626171652387378
76426,Construction Occupations,QCEW Employees,16.243295034145483,22.660746192859023,39.69119176621025,452.5916937586376,498.8938781406155,47.96390788687567,34.892824769707936,Construction Occupations,46.30218438197795,0.10230453855096688
76431,Construction Occupations,QCEW Employees,16.26359317007725,24.105150823198137,42.613320353962784,166.56239702225943,178.1942078718278,16.067675002198758,12.826673082670647,Construction Occupations,11.631810849568382,0.06983455484261492
76439,Construction Occupations,QCEW Employees,16.948849742235687,24.30043131654152,39.38471249557711,0.17129473585818975,0.1976041256079391,0.022111223072019036,0.014154178912770403,Construction Occupations,0.026309389749749362,0.15359135012491087
76462,Construction Occupations,QCEW Employees,16.663123190968605,23.897497398337965,39.60095572519118,39.9130308456025,43.260659903870035,4.319307053617474,3.212411065489002,Construction Occupations,3.347629058267536,0.08387308574027696
76467,Construction Occupations,QCEW Employees,16.837563906211113,24.3684346921047,40.713298335872615,0.0021561346026811334,0.008619760618299048,0.000829883143275065,0.0001776543630661457,Construction Occupations,0.006463626015617915,2.997784093618485
76476,Construction Occupations,QCEW Employees,16.748865511092834,23.1486034144131,35.62422942178992,107.65195155578014,118.41879858225641,11.365024490822586,8.336041356088876,Construction Occupations,10.76684702647627,0.10001534455134697
76485,Construction Occupations,QCEW Employees,16.723253636981447,22.872074667150777,38.0246459188028,0.09581756826066892,0.0979624425276258,0.008044134365124718,0.00774864646460973,Construction Occupations,0.0021448742669568782,0.02238497914204851
76487,Construction Occupations,QCEW Employees,16.857433184705776,25.081886782821506,41.91581488540817,76.80883578800726,78.65010266108676,6.92172408595504,6.151070849109,Construction Occupations,1.8412668730795048,0.023972071106004078
76490,Construction Occupations,QCEW Employees,16.98258402201788,24.542146217268897,40.34336592957339,0.055854428968160716,0.06318530042394553,0.00668506665742322,0.0045944616013831934,Construction Occupations,0.007330871455784815,0.1312495999191703
76623,Construction Occupations,QCEW Employees,16.39371909620734,22.946227969013794,38.498974783068604,8.084462868016232,9.89251909203998,1.1170311427298287,0.6420167425002158,Construction Occupations,1.8080562240237477,0.22364580721581184
76651,Construction Occupations,QCEW Employees,16.099526564594353,22.56428051375285,38.6864560900027,65.02712641423308,75.04842585114137,7.835673315158179,5.022383668646844,Construction Occupations,10.021299436908294,0.15410952304844328
76670,Construction Occupations,QCEW Employees,16.457559836014376,23.204308590362892,39.85039896953429,5.784763072877006,6.359826641965415,0.6240122719485967,0.45403912198883073,Construction Occupations,0.5750635690884094,0.09941004702244549
